family,name,code,amount_in_cents,description,percentage,conversion_limit,start_date,end_date,archived_at,usage,subcodes
457216,10off,10OFF,,10% Off,10,,2015-01-09 23:33:19 UTC,,,0,[]
457216,jeffects,JEFFECTS,100000,QA Testing,,,2015-02-14 03:37:24 UTC,,,0,[]
457216,Save3,SAVE3,300,Save 3 USD,,,2015-01-12 23:10:19 UTC,,,0,[]
442940,10PERCENT2,10PERCENT2,,10% off,10,,2013-04-11 05:08:41 UTC,,,0,[]
442940,123TEST,123TEST123,,Test promo 3,15,5,2015-03-12 00:00:00 UTC,2015-03-18 03:59:59 UTC,,0,[]
442940,1DOLLAR2,1DOLLAR2,100,1 dollar off.,,,2013-04-26 21:38:54 UTC,,,1,[]
442940,Another Test ONE TIME USE,RBASE,100,place holder text,,1,2015-03-25 00:00:00 UTC,2015-03-31 03:59:59 UTC,,0,[]
442940,CLIMIT,123CL456,,Conversion Limit Test,5,5,2015-03-14 00:00:00 UTC,2015-03-31 03:59:59 UTC,,5,[]
442940,CLIMIT THREE,CON5,,More conversion limit testing,5,5,2015-03-01 00:00:00 UTC,2015-03-31 03:59:59 UTC,,5,[]
442940,CLIMIT TWO,33THREE33,,Convertion Limit Test,5,3,2015-03-13 00:00:00 UTC,2015-03-31 03:59:59 UTC,,3,[]
442940,ONE TIMER,PRE51,,YEP,1,1,2015-03-15 00:00:00 UTC,2015-03-16 03:59:59 UTC,,0,"[""PRE77"", ""PRE13"", ""PRE27"", ""PRE85"", ""PRE70"", ""PRE18"", ""PRE75"", ""PRE73"", ""PRE37"", ""PRE96"", ""PRE46"", ""PRE60""]"
442940,Promo March 10,TEST3124,500,Promo March 10,,,2015-01-03 00:00:00 UTC,,,0,[]
442940,ReDen123,123REDEN123,500,Denmark reactivatrion test,,,2015-03-14 00:00:00 UTC,2015-03-31 03:59:59 UTC,,1,[]
442940,SAVE3,SAVE3,300,Save 3 USD,,,2015-01-12 23:44:15 UTC,,,2,[]
442940,Sonair,COUPON1,0,Assumenda excepturi qui porro cum tempora. Unde fuga rerum. Ut nisi sit quod numquam ut veniam. Vero dolor quibusdam aliquam voluptate nobis ut.,,,2015-03-09 00:00:00 UTC,2015-03-19 03:59:59 UTC,,0,[]
442941,10PERCENT,10PERCENT,,10% off,10,,2013-02-28 03:12:44 UTC,,,26,[]
442941,123TEST,TESTDURATIONOVER,200,Test promo,,,2015-03-11 00:00:00 UTC,2015-03-17 03:59:59 UTC,,1,[]
442941,1DOLLAR,1DOLLAR,100,One dollar off.,,,2013-02-28 03:12:01 UTC,,,0,[]
442941,25back,25BACK,,25% off welcome back.,25,1000,2015-01-26 23:55:55 UTC,2016-04-01 03:59:59 UTC,,0,[]
442941,Conversion Test 1,CONVERT1,500,Conversion Test 1,,100,2015-03-10 22:47:52 UTC,,,0,[]
442941,Conversion Test 2,CONVERT2,500,Conversion Test 2,,100,2015-03-10 22:49:46 UTC,,,0,[]
442941,Home Ing,COUPON1,0,Saepe placeat soluta deserunt molestias. Aut quas voluptatum libero quasi. Et omnis laudantium debitis distinctio facilis pariatur commodi. Esse vero dolorem eius ratione.,,,2015-03-09 00:00:00 UTC,2015-03-19 03:59:59 UTC,,0,[]
442941,JEFFB,JEFFB,,Jeff Braintree version,5,,2014-09-15 16:11:03 UTC,,,2,[]
442941,jeffects,JEFFECTS,100000,QA Testing,,,2015-02-14 03:38:47 UTC,,,0,[]
442941,JOINTHEEMPIRE,JOINTHEEMPIRE,0,JOINTHEEMPIRE,,2,2015-02-12 03:19:19 UTC,2016-07-14 03:59:59 UTC,,2,[]
442941,loot test,XQHI7E9N0GGBT,2000,231,,,2014-11-17 22:42:20 UTC,,,3,[]
442941,NOGOODTOMEDEAD,NOGOODTOMEDEAD,0,NOGOODTOMEDEAD,,7,2015-02-12 03:19:47 UTC,2015-06-27 03:59:59 UTC,,7,[]
442941,onetimetest,TEST3745,,one time use testing,10,1,2015-03-13 00:00:00 UTC,2015-03-16 03:59:59 UTC,,1,"[""TEST7224"", ""TEST7580"", ""TEST4710"", ""TEST2637""]"
442941,pewdiepie,PEWDIE,,pewdiepie part II,20,,2015-03-13 00:00:00 UTC,2015-03-25 03:59:59 UTC,,0,[]
442941,PLUS10DOLLARS,PLUS10DOLLARS,-1000,Negative coupon?,,,2013-02-28 03:15:52 UTC,,,0,[]
442941,Promo March 10,TEST3124,500,Promo March 10,,,2015-01-03 00:00:00 UTC,,,0,[]
442941,Promo March 10 - 2,TEST4060,,Promo March 10 - 2,5,1,2015-01-03 00:00:00 UTC,,,0,"[""TEST507"", ""TEST5146"", ""TEST2752"", ""TEST885"", ""TEST161"", ""TEST7283"", ""TEST3810"", ""TEST1539"", ""TEST8287""]"
442941,Promo March 10 - 3,TEST7458,500,Promo March 10 - 3,,,2015-01-03 00:00:00 UTC,,,0,[]
442941,Promo March 10 - 4,HOLY123,500,Promo March 10 - 4,,,2015-01-03 00:00:00 UTC,,,0,[]
442941,Promo March 10 - 5,HOLY124,500,Promo March 10 - 5,,700,2015-01-03 00:00:00 UTC,2015-03-31 03:59:59 UTC,,0,[]
442941,Promo March 10 - MULTI USE 1,HOLY9,500,Promo March 10 - MULTI USE 1,,700,2015-03-01 00:00:00 UTC,2015-03-24 03:59:59 UTC,,0,[]
442941,Promo March 10 - SINGLE USE 1,TEST1813,500,Promo March 10 - SINGLE USE 1,,1,2015-03-08 00:00:00 UTC,2015-03-31 03:59:59 UTC,,0,"[""TEST1422"", ""TEST1899"", ""TEST6475"", ""TEST7931"", ""TEST255"", ""TEST2397"", ""TEST8912"", ""TEST5623"", ""TEST182""]"
442941,Promo March 10 - SINGLE USE 2,TEST7781,1000,Promo March 10 - SINGLE USE 2,,1,2015-03-01 00:00:00 UTC,2015-03-31 03:59:59 UTC,,0,"[""TEST3486"", ""TEST2411"", ""TEST8576"", ""TEST484"", ""TEST371"", ""TEST7181"", ""TEST1085"", ""TEST2293"", ""TEST1948""]"
442941,Promo March 12 - 1,TEST3230,1000,Promo March 12 - 1,,1,2015-03-01 00:00:00 UTC,2015-03-31 03:59:59 UTC,,0,"[""TEST6645"", ""TEST7738"", ""TEST4444"", ""TEST9489"", ""TEST5245"", ""TEST5325"", ""TEST3794"", ""TEST9750"", ""TEST2100""]"
442941,Promo1,TEST7946,1000,Promo1,,1,2015-03-10 00:00:00 UTC,2016-03-10 04:59:59 UTC,,1,"[""TEST3862"", ""TEST5450"", ""TEST2978"", ""TEST4604"", ""TEST8423"", ""TEST1426"", ""TEST2831"", ""TEST2488"", ""TEST4731""]"
442941,Promo1,TEST9847,1000,Promo1,,1,2015-03-10 00:00:00 UTC,2016-03-10 04:59:59 UTC,,0,"[""TEST1995"", ""TEST1097"", ""TEST1831"", ""TEST8458"", ""TEST2394"", ""TEST6450"", ""TEST309"", ""TEST8804"", ""TEST4364""]"
442941,Promo1,TEST4452,1000,Promo1,,1,2015-03-10 00:00:00 UTC,2016-03-10 04:59:59 UTC,,0,"[""TEST3491"", ""TEST4121"", ""TEST3852"", ""TEST2287"", ""TEST9667"", ""TEST6368"", ""TEST7008"", ""TEST1985"", ""TEST1514""]"
442941,Promotion - March 16,JOKE3BC26A,1000,Promotion - March 16,,1,2015-03-01 00:00:00 UTC,2015-03-31 03:59:59 UTC,,1,"[""JOKE7E8E5F"", ""JOKE33DB2D"", ""JOKEC8098B"", ""JOKE901175"", ""JOKEB7B3FE"", ""JOKEFD9B73"", ""JOKE5F0625"", ""JOKE9AFA22"", ""JOKE9E724A""]"
442941,Promotion $20,SAVE20,2000,Promotion $20,,2,2015-03-01 00:00:00 UTC,2015-03-31 03:59:59 UTC,,1,[]
442941,Save 4 Dollars,TEST1850,400,Save 4 Dollars,,1,2015-03-01 00:00:00 UTC,2015-03-31 03:59:59 UTC,,5,"[""TEST4845"", ""TEST9040"", ""TEST9480"", ""TEST6509"", ""TEST4097"", ""TEST6083"", ""TEST5137"", ""TEST290"", ""TEST7765""]"
442941,SAVE3,SAVE3,300,Save 3 USD,,,2015-01-12 23:42:55 UTC,,,63,[]
442941,slickdeals,SLICKDEALS,0,slickdeals promo,,,2015-02-16 05:06:03 UTC,2015-02-20 04:59:59 UTC,,0,[]
442941,Stack Social,STACKSOCIAL123142342,5800,Redemption code for US three month subscription from Stack Social Deal!,,1,2015-03-06 02:56:10 UTC,,,0,"[""REKJNTJ9"", ""EEAQ9BRM"", ""7Q54GGAJ"", ""YNMXMMWW"", ""3D4DNLUR"", ""4UEXWI4T"", ""3FEYFEFS"", ""NOKI793Q"", ""JGHU4ZC3"", ""F6RDGGYT"", ""RAMUMWAP"", ""CYK3PFAN"", ""QIDJHDIE"", ""9Y5GUYRU"", ""F3RTENZP"", ""DDUIQJWZ"", ""42JWYLOX"", ""MNWI4EOE"", ""VPTWUUYF"", ""8DXVHBT7"", ""ECDLN44A"", ""5PINBPHS"", ""BXNS9MW6"", ""ZAAM4ZRH"", ""M86DZU4Q"", ""CTGLLXAT"", ""PAH6EJSD"", ""2TKGKXBD"", ""DGTSQ5KS"", ""XDVVTNPN"", ""6RURXYAY"", ""BFK7J5YA"", ""NUCXZJZ4"", ""4CW5BQLJ"", ""FRGGVR4B"", ""5WN6SXZK"", ""84ZHBELM"", ""CDBZKINM"", ""KYXA7BUY"", ""HKINVAXS"", ""Z7VIONAR"", ""VXAW2SBR"", ""EA7CK3NS"", ""WGYMVGSG"", ""TXTVVPYI"", ""EOLBB7J4"", ""P3C38LRE"", ""THQD59R3"", ""8OHFCVI9"", ""5E3F58JJ"", ""DDH6T4NG"", ""P6NXCZOU"", ""RXF3ZETZ"", ""TDX4AVFN"", ""2WHMADXW"", ""QHXEK9GC"", ""7UFFADAG"", ""XJ8S8YMG"", ""8Z8JHUAB"", ""VUGBCDMB"", ""XJJREGFY"", ""PRPXPL2R"", ""GTCNK467"", ""FZXWZAUY"", ""AOMNGGGH"", ""KENHMGWY"", ""INUNJCOR"", ""AJGNY6PK"", ""GAU6OTBT"", ""EHWFWME4"", ""L7FJZ8Y2"", ""DDQXVM3V"", ""2SI5XCK5"", ""MJTRZSV5"", ""RURL6PB5"", ""C2VGEREW"", ""H33LYJXT"", ""WOJMYM6S"", ""CJJMKQAF"", ""AYWTENEE"", ""OFJKUUNO"", ""6T958VJT"", ""JY22YUCY"", ""JWQPJN4P"", ""WQZMIM4Z"", ""OBWQVAJ9"", ""SZ62D3MF"", ""A4Y9FKZM"", ""SHJDSWXN"", ""YCEQGQSR"", ""A7JWZCBQ"", ""PYAPMQEU"", ""43UZHU6C"", ""YAB5PGKD"", ""RMKIBJST"", ""66JR7T85"", ""HPLNPJXM"", ""CKDKSLVW"", ""XFNXZZX2"", ""OFG8OBVU"", ""9YFA9NFU"", ""GGSPXLM3"", ""8KDW904E"", ""FHOF2PWM"", ""AMBDG1DE"", ""TYOD9ENY"", ""GRXXJWGG"", ""YSUPP4JG"", ""JQ2R9EP4"", ""RSGSJXIJ"", ""STVSGBKP"", ""GOBXGZIE"", ""GHNJR7WM"", ""9KNVVX9C"", ""OAPKADE7"", ""BM4C4O3B"", ""KDSVSLQA"", ""KKM0OXB3"", ""HQKSOHYU"", ""DRHNXRNR"", ""FY3EDA01"", ""2GZGBFEV"", ""IZA5BUKR"", ""VNZIQLCR"", ""J7JUXRMR"", ""UJ9JXJ9K"", ""Y19XA0TD"", ""JJHNCP74"", ""NTURIUXK"", ""YAH1KL7C"", ""KQJIDW6F"", ""FS4N8YZV"", ""ZUVUS2Q5"", ""HEMCSGQF"", ""RPC7JPRS"", ""UATBFQXU"", ""WNCAUBPM"", ""ZSRZLOAM"", ""T7CPVN8P"", ""HKB1UIBR"", ""POUVME4A"", ""DCAB0VVQ"", ""TQTBCYLT"", ""AOXRKDLA"", ""WWMMDUBG"", ""PFYCD38T"", ""KMEFODEB"", ""70VDPH6Y"", ""QIF4F53L"", ""CFLV4JS7"", ""MNWQ1KYH"", ""AVORSHE6"", ""QZOC4TQE"", ""MBHVJAVJ"", ""0RXB0DLU"", ""HAMEMCUE"", ""CBETQ42R"", ""RW38MKAO"", ""ZN1LZBA5"", ""LI1NDB67"", ""HQIUXFJS"", ""3DJMLLHU"", ""QPG4POFJ"", ""KEZI8KS5"", ""MFJWH6VA"", ""NLLK7S42"", ""EDPN5KA5"", ""I3OUQXCJ"", ""JBBCQNHW"", ""DUEL7DVK"", ""SN4N6ML6"", ""TVWMKEVG"", ""JSFNIKXC"", ""RAN9S3QQ"", ""P2F119RO"", ""ZMERSDHG"", ""XSJM9EDG"", ""TFLEH8JY"", ""POMRWPMI"", ""FQ88WWJH"", ""QZIUXLKR"", ""Z7V3KLZW"", ""FCGGWK11"", ""PYPTE9MX"", ""YZUWANPX"", ""YCT1TY7E"", ""C7DLUYC6"", ""WRWEPNLB"", ""WNYDCG7E"", ""GBWABD5V"", ""ALEXCUIN"", ""QMASBDYZ"", ""XQNWPLSR"", ""MHGULVEM"", ""HHBZRMFM"", ""UAZZVLTQ"", ""BCIVQAFU"", ""YXSQYBRL"", ""9PQJXW4K"", ""DAVCOSJ2"", ""TG7CXNHB"", ""5U2YA9SI"", ""KNP9RQEH"", ""M1LNNNDQ"", ""T9IUJONO"", ""GC1YU9UI"", ""V9ZLM8YE"", ""7Z5YPSRP"", ""R9QTLTWY"", ""4MMNVPOB"", ""MENFGJ0E"", ""DN30IYIC"", ""8MCLPTUS"", ""OTJWTBEB"", ""MENJV4BF"", ""JDJKRHUE"", ""4G6AIDAK"", ""KHEYKFAU"", ""X1H2MM7Y"", ""SAQLJIOW"", ""E3YQDXQE"", ""MXNYZNZK"", ""M4TKIN9K"", ""SJG0T6B1"", ""IBBQWH0T"", ""KXSREMCQ"", ""AXFNQSM2"", ""N28MGQNO"", ""VUDVC91P"", ""3UQIO6FM"", ""NQGHBZDQ"", ""2B3RBZWI"", ""QKDPGB0Z"", ""COLX31AZ"", ""AOJA3XYJ"", ""VFXPSXYO"", ""FUGDNDBU"", ""ILDP2LA7"", ""VUTTCS4M"", ""LCASQLNK"", ""LFME1E7J"", ""E4YDVUXS"", ""ELUC6YBI"", ""H4JJEXO3"", ""RXNJKAKD"", ""JSVSNS8X"", ""8TXWO7BC"", ""6X0MJJS7"", ""HHP8PPUN"", ""YUNYA5UR"", ""VFV3TGF4"", ""SKCVUHR5"", ""R72R4J93"", ""QGJIMUZY"", ""9YUHUQKV"", ""PRV2UKQY"", ""SFDPE02D"", ""STHANJFI"", ""19ZDIO0N"", ""QVLMYBUJ"", ""GP88MBKI"", ""GDRB84UR"", ""4IBF9XMU"", ""ATVVJOFF"", ""CGD8QHZE"", ""NMDNBVJX"", ""6QAU5Z33"", ""AS7IYHEJ"", ""AW0O9G8S"", ""C5ZRK4O6"", ""OKBTYSAX"", ""PKMKBQCZ"", ""VLNKNMBW"", ""LOJXH1A7"", ""QCU2COI9"", ""L11YQHFC"", ""393FSMJT"", ""G7YLXCVJ"", ""BCIXLFPO"", ""VTJJ9ZYG"", ""02Z7ZKEH"", ""DLID4JJN"", ""QYMFO0VY"", ""GXXPPHDU"", ""8LI0RFCS"", ""WHOJR9UX"", ""UA0XHNJQ"", ""AX8KXCVT"", ""JKCOMQRB"", ""RPMVJMF6"", ""D503UIJC"", ""MTEQUHN2"", ""LYJD6MUJ"", ""I918ENVN"", ""ICUIZPUG"", ""OLNDFPLW"", ""FCRAZ5NK"", ""QN02ABVE"", ""OVTGNJ5J"", ""YVJZNOXG"", ""THGIHBYH"", ""W4TSHY9R"", ""1XL7ISYJ"", ""OCTXUIUE"", ""FYNQRSY1"", ""L9IWHR69"", ""NUKBWMTT"", ""WQOTSD5N"", ""QM3FBCNE"", ""R2CMJSON"", ""C3FGEDZ3"", ""IEST20QG"", ""BS9TZKIY"", ""JKKGNSSG"", ""XUAEAW5P"", ""RGDEUNCW"", ""PTULKBFY"", ""0UNERBUW"", ""2G16TA59"", ""ROMOSZYR"", ""IQRIGOH0"", ""PNYWWBH9"", ""2Y3PIYAJ"", ""KNV68DZA"", ""P38ZLQDV"", ""AREMEPNH"", ""RVYYJICP"", ""HJ3JXFW6"", ""UTRA2AYG"", ""0FOAUT73"", ""5VJRCAZW"", ""OSJ6KGXL"", ""OT7OWTUI"", ""GMXLRT5X"", ""YQG4SMJB"", ""ZRR4ONEK"", ""D1OMTJ9N"", ""4USK75ZU"", ""JTSIQH4N"", ""TKPU5FBB"", ""YLWEB1OA"", ""EZP98S9C"", ""A7WGY4UL"", ""IXXMSZTT"", ""0YGRS70G"", ""4D7ZEF9T"", ""KOTCUEW7"", ""UKDVYESF"", ""MV5EBYUH"", ""LHQFYU8Y"", ""5VE4I2JH"", ""LBHL7LSU"", ""LH8RIRVI"", ""D6UEQ5KW"", ""LFSZ2GGU"", ""UPBKHUFM"", ""YQOPBJHO"", ""A12RDHKD"", ""5ILBC8K6"", ""3V1RPJXR"", ""TG7YSEXO"", ""YFRA4FWN"", ""YHZJEZZV"", ""4KQJDWXZ"", ""IINQNY6Q"", ""C8CQRO8G"", ""J2ZYWTA4"", ""ZRJB2KYU"", ""XI0POPCG"", ""TKUNVATH"", ""MUVSCCTB"", ""6FXOWIAY"", ""G6PJ7VKY"", ""NGYKEDPU"", ""3NRBNQTU"", ""IGFPUSPQ"", ""GHFLP1YF"", ""JSYEVB0U"", ""BCBTO9IU"", ""7R6ELA0W"", ""JJIMIDWR"", ""HAJ9T4HP"", ""FZZSHTPE"", ""4EYR1TSF"", ""3WT7H8IM"", ""UJOKBP13"", ""DC9GDKT1"", ""ESUEP1U8"", ""SXB7ED9P"", ""EBDHR5O6"", ""9OOST2RR"", ""2XRCKACL"", ""FOGZGAFX"", ""LQAIIYH3"", ""VL7R8ZR8"", ""7IKDOPKG"", ""CUJ2P7NA"", ""TT1BNDLV"", ""PIQJTCYI"", ""UOZSMWYQ"", ""ZZPBNVDO"", ""WZBSXQ0R"", ""PSBB2FRA"", ""RGE5UKWY"", ""EQP37VE8"", ""JGV7C3VS"", ""FEIBHQXU"", ""A0VRNQYI"", ""ZISUWV1E"", ""KPUZHZH6"", ""ZDMABASS"", ""4OEVQYYE"", ""FTMLVLGR"", ""XIZMHA5F"", ""LLOELHVG"", ""8E9VD2HJ"", ""1Z5IAAP7"", ""X0WIGG3Q"", ""HZFOUEXN"", ""AGYS6VZV"", ""WWYKL0YH"", ""NRZXLRMF"", ""WNMLBRNH"", ""QYXISRWN"", ""RMTLKTHO"", ""DRF747FV"", ""X4XNGYER"", ""7BG04QMZ"", ""URDLHWBV"", ""LSUEG8M8"", ""JWSEMNCV"", ""ZWIB0G26"", ""9DQD42RE"", ""ZW1KUMFR"", ""NNZIBGRM"", ""RLT5DNX3"", ""W5H1ANVM"", ""SMYCHSJP"", ""QNFK5RC8"", ""YKEICHA2"", ""B2YVDUFV"", ""6JSSNRIA"", ""QNBTXOFR"", ""TSQVW0AY"", ""TFVOMTMU"", ""6H1C9VKA"", ""TDFKV3TE"", ""LR2TGJAP"", ""Q9DNCMEM"", ""PHVK8JAN"", ""DWVHWPLK"", ""DYUVRZP1"", ""FECEFEUQ"", ""EQFWUOCZ"", ""MSVV9YOE"", ""4MS4OJU8"", ""ZTJ4IJ8A"", ""WGT7RZFT"", ""WOZHIUQ4"", ""E0YPXVOS"", ""YWKMPDIR"", ""XJVYWFVN"", ""5XPBPTDS"", ""HOBGHDL0"", ""EE8UNSXW"", ""HNOTBGGK"", ""2ZMEH7CY"", ""VCROHV8M"", ""PDTEAA8G"", ""V4TTRJH3"", ""VTADVFQW"", ""1NEIMYEO"", ""AF7HY3JR"", ""YZIDIJD4"", ""DSOX8ZUG"", ""M9MIXNYH"", ""F8EBW4NC"", ""LT2ALVTJ"", ""KZUZD8OM"", ""HUAZJYRT"", ""KD2ST5V2"", ""0J0PIDDT"", ""23JY1HUB"", ""Z50JJUAU"", ""HS1TFKZS"", ""TULMVPUX"", ""P3ONCJXQ"", ""IFRDJOA0"", ""0JOJQ6FB"", ""15JGDMOP"", ""CH5WYLXQ"", ""BUGVSEHE"", ""RNAHCBWU"", ""OIXKTFFF"", ""TQZCRBQS"", ""PLLIPBAF"", ""4VSXSTEY"", ""KTKZ3GCP"", ""XRC6ZYHQ"", ""7KVNGJQD"", ""SLK84OEN"", ""HFOYAMR4"", ""I0XLVZ31"", ""TFK2WFLB"", ""KWNRFJUK"", ""WKBQWZGU"", ""TFWHVMAS"", ""XN1LMRAV"", ""3EZDRNN3"", ""7VUJXIPD"", ""LJV2PD53"", ""ZLILRZYZ"", ""KUWOF9BI"", ""2YNSNGXS"", ""CWXOG4QG"", ""ZHHPVH9L"", ""OEQVNC72"", ""77TCGZZL"", ""ZUMXJWK9"", ""YNYMUSZ1"", ""JGOKGWNF"", ""OVTBPULZ"", ""4NE0E6VE"", ""1LG1MQOT"", ""XLIITMSN"", ""T02BCKQW"", ""Z85QC7HH"", ""JGMXKYBU"", ""FZFZIBQA"", ""TJMI4ZDM"", ""D0INX0AV"", ""GV2BF2WW"", ""KWNWYBKL"", ""HYPKFU3W"", ""QR6CXFYJ"", ""NE7YYTEN"", ""8ZDAJM9Y"", ""M1FIATGD"", ""Z1XEFYTK"", ""YMNSMJ37"", ""SPMEGN14"", ""0RJMHU13"", ""MEEHSOYB"", ""DWOWJ5DE"", ""JHEUAHHP"", ""RNBYMAJV"", ""MPVGKGF5"", ""YWQ5NFJO"", ""GTPEDGO2"", ""PQJKWMF0"", ""GKSXMGK7"", ""GFEXPWNA"", ""5PKASTTP"", ""SMHU7MLF"", ""KHQTOTWM"", ""ZTDABQPE"", ""Q4RKLSTS"", ""DGEMWBWY"", ""NYVLETWR"", ""EBXS74IR"", ""SHWJAQD4"", ""KHVZMZGY"", ""YCTZIY9Q"", ""W6SHKCBB"", ""XOX0MIHM"", ""7P6B9LB7"", ""3RGN7ENP"", ""MUQNFQ05"", ""GC1JBPOM"", ""ZUZIQ5M1"", ""UMMEQVEA"", ""QASRPTOQ"", ""IHH08I4I"", ""H4VTHND3"", ""FLRS7RXL"", ""IBHVBHXD"", ""UBVOOHWO"", ""4MWLXOAJ"", ""CYRI1QEW"", ""TFKHALSF"", ""EPB5BHVS"", ""DPN3FOVI"", ""C9HCYZEZ"", ""RRWM5V3H"", ""OCPNCGJ2"", ""QOAXZ3TV"", ""9VZ8PGP3"", ""NDM8U5CW"", ""2RXOQGR1"", ""LNUNJIGG"", ""M91BCRND"", ""QP0VULYE"", ""5RU1F2YR"", ""QHFRBB86"", ""YD4VOMRP"", ""1R6OP02J"", ""U7NFCYKP"", ""AY0ILSEZ"", ""5NCILJ5L"", ""BDWW8VFV"", ""ZKYPZZAD"", ""MTZQBLTZ"", ""6LFRM2ME"", ""CAY67UUG"", ""AVXOPVFS"", ""1TFROY8B"", ""ZLRHYEGR"", ""1XW1RWXD"", ""BBZGOKPD"", ""UOJDKMSU"", ""ZJHYTETJ"", ""4FOREMGZ"", ""NRNKTO3Y"", ""8FPXB9HE"", ""KW3B69A8"", ""KFUMKWSX"", ""OYMM65XP"", ""UK4LMXHA"", ""CTEW6OSF"", ""1LFVPV5B"", ""MNONMAOP"", ""PCZESR68"", ""6QG1I5VB"", ""DF5GZVVR"", ""V9SYM6EO"", ""J0WLE8QG"", ""7CLDA6XY"", ""IKSM9DIN"", ""IX767OOY"", ""B7QADGZQ"", ""DV0QOY85"", ""JWUSARHU"", ""XDF0WKOM"", ""GXWR9YX1"", ""NV8NLFCJ"", ""YQR9BQYT"", ""TIR0NB73"", ""NYWQDUR6"", ""ASJK5TUY"", ""SY3UBQKC"", ""BEIDSIYQ"", ""KKMK2HK6"", ""MZTD3P7K"", ""YGL6HKZU"", ""BVHOI5WV"", ""LG8TZARU"", ""BOUGPDBC"", ""ZLB0G9ZA"", ""XAAB0DUY"", ""LBJDVCSJ"", ""AJBWPJKS"", ""GFF6WJYR"", ""MDNS825S"", ""QPSXNE3X"", ""JLYDBNPS"", ""RUWCJZAJ"", ""6A0LF4GW"", ""A4KW7PTP"", ""2QFPYI9M"", ""8AC68ERO"", ""EZGF4QNA"", ""0EUCUKPL"", ""HMZE1HCQ"", ""PIPMBMMD"", ""T0ZEDTZJ"", ""OQW3BYJ8"", ""SIXM3LAH"", ""JYEGLINS"", ""QDQPZ6BW"", ""BIDNT3EG"", ""QHY5Z6VY"", ""CAUCPHKM"", ""BBYHRT2H"", ""HC7ESJ5U"", ""62URQIOL"", ""LMG2FJ3J"", ""F2XHM8QG"", ""XOPIDIVC"", ""KGROHHRP"", ""UP81OWSS"", ""LP7C0WF4"", ""CDHLWSSM"", ""GFC3JRUA"", ""FOIQ2AII"", ""WXJGDJYZ"", ""7ODGWRDL"", ""NMJVVPQ9"", ""26QGHJ6G"", ""ANQXFD3E"", ""JSQBIHLX"", ""4OH3CRFD"", ""Q4JHULH9"", ""AMPCKHJT"", ""4UYMD5SB"", ""W1IOCI3O"", ""LYYPF2VJ"", ""NNPWR6CN"", ""LNBTDNCJ"", ""BIWQAD8V"", ""D1TW36KJ"", ""XY9RBNC5"", ""ILUA1ZGV"", ""HB4969TQ"", ""20XC2NCI"", ""RR4F80TM"", ""CYLXS16W"", ""2XWD2DDH"", ""IREYBMQH"", ""H28ZQZCC"", ""MEDFZULO"", ""K4HZJ4Y2"", ""R0T7NAJU"", ""B6N45ECQ"", ""UB3T0UR5"", ""KKAM7MAR"", ""BH9IRRPE"", ""8AKSWUH0"", ""9Y7MYFFI"", ""EJXK5ZYX"", ""C88UB0PN"", ""QPBGRVWL"", ""J5KDOM4N"", ""3UOHC8QS"", ""ORUHO6WS"", ""CO3RDX8R"", ""GNEXBQAQ"", ""HRCGL7ES"", ""XLW2ZZYG"", ""KXQDZNKI"", ""WCVBJDBM"", ""NK75YIP5"", ""X0ZYHWVW"", ""GJ5NSZBN"", ""COY45CCI"", ""ZF2J8ADF"", ""3KHS32CU"", ""KOTCI4JB"", ""NBVRAGFT"", ""QUYVVYZF"", ""MK6QCM5P"", ""5X11O8QR"", ""U20AJTDR"", ""RWZ0G6WB"", ""74EWKB19"", ""0BJHKCWR"", ""TJ33JUEH"", ""OCAGP7CN"", ""VPLRQXQ0"", ""HQY9X6CY"", ""2BTNOUYZ"", ""M67S1VHG"", ""ZQTGHPLP"", ""OYULQCRX"", ""CX64SL7Y"", ""P6NGEKAI"", ""8IBMIYJZ"", ""ZZSELBF1"", ""OR3SXRGE"", ""UYIQ1QS5"", ""QPAOHTGR"", ""G3V4PAFJ"", ""9XUSQZBG"", ""VE7NUZVF"", ""BRJAP7T4"", ""XP1UFBUZ"", ""SASSW7ES"", ""TTPPVXTU"", ""HSQCISI9"", ""GEUFHR29"", ""K5NJPPTW"", ""XRMJNHQM"", ""HOWZWDBK"", ""LVUF0JJI"", ""7XM1V72E"", ""SNDOLPCA"", ""F5TENC9D"", ""EQ19OLW0"", ""4RBLOO1F"", ""YRYH562A"", ""GG0L446K"", ""FXGRE2D3"", ""JXYE2SSB"", ""CUSLOIWD"", ""JROE3KPY"", ""PJU1PKRV"", ""XCSRS3F0"", ""TBPAOZKP"", ""ZMDTEDKL"", ""B1CJP96N"", ""UD81W3BY"", ""53YJDY6Y"", ""XRPALD1Q"", ""VVWSUHW5"", ""SPBHDVWX"", ""YSTQ4WRB"", ""W6BDQWZJ"", ""K3ZQWL89"", ""BH7QCLOE"", ""RF0MZQQ9"", ""UDJNQ2TR"", ""PS3MGT8K"", ""GLYRLC4I"", ""MNDCH1KF"", ""TGDTJCBU"", ""DT8C8ZXJ"", ""ZPFRV6QD"", ""UZBTWR2B"", ""X22JV5FD"", ""TF3LZ553"", ""OEDF3ANB"", ""UWGUY4IU"", ""LF4MD8NY"", ""LGFPWUKO"", ""DOPSD78E"", ""TDYIZNV7"", ""EDU4AQTW"", ""19M1IDCB"", ""F84YBU7O"", ""8U3WLUAW"", ""BNNX2ZZE"", ""UL8V8ADI"", ""QSE0ZSXP"", ""VK0TKDHK"", ""NBJKAJA4"", ""O2N1N6LY"", ""QG1SZ6WR"", ""FROKRXSM"", ""JPNV2GDM"", ""PMI8T8J2"", ""RCTTSTRA"", ""VHPAYZKQ"", ""RDX3SWGX"", ""ZKGSNY1N"", ""F0NJCLQB"", ""NQ2AA4VI"", ""TOXAQRNL"", ""UBG2CNNM"", ""RRR9CIZ4"", ""9IHVK6YX"", ""SGIMIRA2"", ""BGZOYQV0"", ""P1IHLZGQ"", ""0Z5ATPVP"", ""AFS7G4JM"", ""UHK9FOR7"", ""XVBNUNXK"", ""FQFVMUA0"", ""2ZZATKKL"", ""L8ODY8KB"", ""NF3QK36F"", ""CQI8Z90K"", ""W5ILHTOM"", ""EI6XEOTE"", ""C9Z0WYRX"", ""HINFHPCB"", ""1OKFZ5P8"", ""RBFN0PDX"", ""WXCI3O0J"", ""QJGLBRUL"", ""5JO5VGIE"", ""CM0NAXKS"", ""FXRVLM1T"", ""FCGEK75V"", ""YNGXWIXR"", ""YSM9UBFX"", ""5DMWBOEF"", ""DVLUODNA"", ""CFRWEMT4"", ""DY471GYF"", ""YOIWKOX8"", ""RZISCXML"", ""I4F0QOKK"", ""6YQDSNWT"", ""GSRGOUJW"", ""FVAIAO7B"", ""0CSS775B"", ""VW2VALUH"", ""U3HLXSR0"", ""LEMHGUKT"", ""Q7U8XDR5"", ""V0E0NVZW"", ""VJM6OLMX"", ""U35ASVRV"", ""UMKBGP7J"", ""T1JNGRRM"", ""UQZILDEP"", ""B8GWBJXN"", ""UAVPA2IE"", ""SWTDRV6H"", ""P0POFSSM"", ""YCNVI6XA"", ""CWG3OUZN"", ""TFQM6WSJ"", ""FDWIPJED"", ""1VPV9CDT"", ""WKTIJLKC"", ""URAWC3G8"", ""KLJBC7J5"", ""YVV2Y3Q6"", ""JZJPNT2O"", ""9XBULPBQ"", ""KEBGGJB7"", ""TKWGLFEG"", ""LRLJ4JF4"", ""A5RGA1XT"", ""D32KUPW5"", ""VGSSO3DO"", ""TAYSPCGS"", ""NZXI5RV5"", ""HIBCVAHY"", ""L2NHJBQB"", ""JK2WVS2Q"", ""JHRHYNOS"", ""N6RTL88S"", ""JRZTTA0B"", ""OPKXRIPP"", ""JPQ9AY8Y"", ""7Q5G5VH9"", ""MCRJD1FT"", ""ZRFWZHFO"", ""44TG1UX6"", ""AHWMC4YZ"", ""GRHGVMPV"", ""KNOOVW3A"", ""WOWA5EZ9"", ""J9ITB0WW"", ""CWTPATYL"", ""MCBUZYTZ"", ""CCEOGB0Y"", ""ZVVIO720"", ""GGLWM8VN"", ""HH8CXLHP"", ""KVVDS4QL"", ""BB55S5HL"", ""TX4FTG2S"", ""UBCJTZIO"", ""2NY6A7LO"", ""DIJPFXKZ"", ""4IHEW0RX"", ""XKMFHUCA"", ""S1YO7W8G"", ""NVUAZLII"", ""SG5V1QWK"", ""PM1NTYEC"", ""MU6UTR3Z"", ""JJF0HQ2H"", ""K1YZHC0W"", ""8BGOFJLV"", ""SEIFVHWR"", ""IHDTCLK3"", ""LRO00BBR"", ""BR86APHA"", ""RJ0VPCCA"", ""PAQGEBVD"", ""GJNP3OIB"", ""ZA7U0OQO"", ""RMIMAA8X"", ""DENBVXLP"", ""V7ZIAB6Q"", ""WNLMTETY"", ""OS2OLU9Y"", ""UZ7VQPHD"", ""PJPYX9VP"", ""0WVWDZZJ"", ""UC2MTZ0J"", ""DSCACDXH"", ""RNUGJYHO"", ""B0GDBRZA"", ""HUKKTQP3"", ""XQUWQRWM"", ""0RQPPTWI"", ""0BMBLDKN"", ""APEAYPOX"", ""LXXVWEF5"", ""YP9OB15L"", ""PCELWVFS"", ""HZQOFOUI"", ""W1QVGVVW"", ""SJMN9GC3"", ""WONUW1HX"", ""E55SBLC8"", ""UKGLJHLM"", ""ARQBS57C"", ""POKWZ3RV"", ""CPGBYT4X"", ""FMHGFQJK"", ""RI077GYO"", ""OWMLU8UR"", ""2YU6O9ZV"", ""5VST4WB9"", ""YUUV29CV"", ""SGRDGWAZ"", ""A05Z1WEL"", ""SNUH8D5Q"", ""XGRLJ86W"", ""RKZLGHVV"", ""D4ZRKOMB"", ""YKPWJWNC"", ""W9NL33KB"", ""SGEEQTLY"", ""DPRPZE2Y"", ""WX2CRL1B"", ""TAXMTMDO"", ""A04CLEDB"", ""0QOQ0RXR"", ""4NWMRIZY"", ""QZLYGPL3"", ""UG0G3ZBJ"", ""CN6SHMIW"", ""RQELLFL6"", ""V8UHTSSZ"", ""MUARDKEH"", ""QYRLLANG"", ""RGJWK9CN"", ""FOVHQ8UX"", ""LABQB3P5"", ""TUN0P14Z"", ""FFZ43KUP"", ""MLSRCMEZ"", ""BBQ0AAVE"", ""ISEDAXRD"", ""XX8GXF1V"", ""YWU9TR4R"", ""XCTJEILK"", ""JC3FJ2YZ"", ""B1TC0G5N"", ""FQUS75HJ"", ""ZR8LLNMS"", ""FQVQ7OEO"", ""YHL5UF2O"", ""ACGXWOMO"", ""18RKVNHY"", ""3CMTEOTZ"", ""KTGKNCZJ"", ""FDOH3ODB"", ""814VJP6A"", ""9ZH1KMHQ"", ""RQGCVG8Q"", ""PFMIRBSL"", ""PXWYK1UI"", ""3KYYA8XK"", ""C5WF6JAR"", ""GA0HMW7M"", ""WYIGS15T"", ""XCHBWPD8"", ""KD6BWI0C"", ""2LH2YZ0N"", ""SP4U2A7R"", ""7J4OQMLA"", ""QV1A4IBV"", ""YTYDBKCC"", ""3U5Q6CJY"", ""JWESXUA7"", ""ANGIXS3N"", ""OMWG8UNV"", ""GPEWCYJK"", ""EH1TG9KP"", ""J8HO1HEV"", ""LKTE5KG7"", ""F4NKIEM5"", ""BGDNCTRI"", ""ASZU8INT"", ""NBQR83HF"", ""AW0FQYRT"", ""D7RSVOGW"", ""HHUZBTX2"", ""5OYSJMHF"", ""GRRPEPEC"", ""REEIYBEV"", ""YWQ9YJ4B"", ""XVH2KN77"", ""UZTS8ARW"", ""BANHUY3I"", ""II6BCXFF"", ""BEWSQHBS"", ""SDUO31WN"", ""GWJEH5IX"", ""MQIAF7KL"", ""XZNOI4KG"", ""B5YEHYDX"", ""GUP0Z5WC"", ""28IWPETM"", ""R1GJM2LY"", ""BDXZLIXO"", ""WF5MTG1J"", ""X1EJZJCM"", ""1T6Z5DOU"", ""WZCZBA87"", ""4RRRSTET"", ""F9HKASZ2"", ""EDVK8WPC"", ""G7PMP0S8"", ""DQRH05VZ"", ""WZIZIQBS"", ""KBX8ZMRE"", ""LU6EKIQL"", ""KPKTCSRD"", ""VPMDECHM"", ""ENXK6RHI"", ""PWEF92OT"", ""SKFGLJYV"", ""THYDMHEQ"", ""WIIPU282"", ""XKJASLJS"", ""TSIWIU00"", ""O4RE0YZG"", ""BK2ANEYC"", ""2TJUZRU4"", ""M5X5WYKS"", ""XSXY7JBT"", ""N0Z7TK9H"", ""X5OATSBA"", ""ZMWPROT8"", ""ROPIEGXK"", ""GIP1RKO1"", ""CWHNUAAY"", ""CMLJZPNW"", ""ATTGN5WD"", ""DMBEJBTH"", ""LOBX3GL0"", ""OYRRGVGQ"", ""FNOZYLAI"", ""YVNQ9LPK"", ""VCYDVHGO"", ""B4MIK3DM"", ""DSHTX0WD"", ""13NG7K6K"", ""EGH3MCPV"", ""8DAOW2FN"", ""PPXIANH0"", ""CPXXKQDA"", ""9TZZUP84"", ""RZ5T9QOH"", ""GQAKECQL"", ""KYYZDMGE"", ""DGFEDSBH"", ""A5OANUHV"", ""1JYWI8YL"", ""GGNZER0A"", ""RM53H9VL"", ""KTGJQOPG"", ""KVQPZCRG"", ""S4FKIZSN"", ""MS0UP0JS"", ""0YGONZT9"", ""8NVLFOGD"", ""N2YOIIDM"", ""V5AWWITX"", ""XA8NET8A"", ""M83Y1LTZ"", ""ZM4CRMWP"", ""IVXIWF0H"", ""I7WYVGAO"", ""CXSRAI9J"", ""9CSZQLND"", ""SYAG298O"", ""KEL0XJEV"", ""SMXSEWPZ"", ""NPQELZCI"", ""BFSGWPFS"", ""QSW7N71T"", ""LBPGO7FW"", ""7PP11MHC"", ""2CTTO6EU"", ""6J8OJ8A9"", ""IZ4BSXDX"", ""1FC8USOS"", ""OJIS2AFH"", ""TSECECM6"", ""JHDPBTII"", ""UYTZ8K2P"", ""J58CS4FQ"", ""DPZ0N1NN"", ""BNKORD0O"", ""N5W2CLIL"", ""VYBURFMX"", ""TP0B2NNN"", ""IOO3ZNME"", ""AGFTC5QW"", ""IYL7MGA5"", ""2LAJXK69"", ""SFLWOIP5"", ""FZIWMHXD"", ""TTGZ2SVC"", ""BOCG7S33"", ""0YBUDRAA"", ""PK2ILJ5U"", ""QCAUQIWP"", ""TOHWQ0PN"", ""RPKMLGOD"", ""39VE41LK"", ""VWWQF5IS"", ""MXQEFPSA"", ""FNNEZ9BU"", ""CR0NR1R0"", ""FHBKZBZS"", ""UQTHJ6M3"", ""YMV00P9V"", ""QPAG3EOW"", ""A7PFH3AV"", ""QKVNKYAL"", ""KWJ1D1AT"", ""F6QP0AT8"", ""JOJP91G3"", ""DN5DKQEB"", ""DJDQC9TK"", ""WARZIPKL"", ""VLSCCTT7"", ""8DLLCU7T"", ""29XVTJ1O"", ""QEI7O9YK"", ""KYEHIY1P"", ""YIHXRIX2"", ""ASYXYPWZ"", ""6JRYZUSH"", ""UUS454TN"", ""B3KUQJXG"", ""ZM3T3O2O"", ""NVUYBWNM"", ""BCJ0CUCA"", ""FHESUNPC"", ""WFFQKLND"", ""PM7HZTQA"", ""GXKTKP6O"", ""UHIXEKES"", ""GMTQKNSZ"", ""KCHFUZBT"", ""5QBOZUZD"", ""KFGV6HPJ"", ""XQOMZNBL"", ""LXJQTWQK"", ""M7SKJY9R"", ""42ELV6NC"", ""494OFQDZ"", ""XS3EENNA"", ""7ABBV5PV"", ""PB8FTGRR"", ""S9KFTOLC"", ""MIQT03HV"", ""DLDPBCD6"", ""4BLFRMSW"", ""9LHIEEC2"", ""ONM2Y3RS"", ""LQW54GGX"", ""Y7XNZV7M"", ""IOJZEBFH"", ""GDESBGOH"", ""4S0DJUF1"", ""HCNEIZYB"", ""DBPH7FUA"", ""MIQMN3AB"", ""ENPJFUYT"", ""7L1LVI6Z"", ""J9CMGX1Y"", ""ZZE9DCBI"", ""7Q8GHSVV"", ""SMWEQHG9"", ""1HJESJCE"", ""5MHNFK3U"", ""FXRGT4XO"", ""JP6CDHCY"", ""QJWAM1JO"", ""JSJCKA8U"", ""JUHNF1Z3"", ""GIEYR8XL"", ""L26NVKDV"", ""RBDGTAHB"", ""HJXTMXOH"", ""FFBD8CT4"", ""YASRISWE"", ""CFGXTYDW"", ""AYBDCPRE"", ""MJKTIRG4"", ""1THOOGVJ"", ""EOP9PYPG"", ""J5ZXNCUL"", ""LKJTEVDV"", ""39FNA1CG"", ""KDNCILXT"", ""REKDJGRF"", ""QFYHDJRR"", ""FFRWFBZT"", ""FWIKCXGJ"", ""W3XIFLLC"", ""C8ZV3TVZ"", ""EOCGTC50"", ""DWWIZIGL"", ""OBNYFGO0"", ""PQKWESED"", ""S0QZ8P7R"", ""OMAWKU9X"", ""XORU3U4M"", ""PFWIPK2J"", ""ZLDVJBUB"", ""IYZSKRDT"", ""DIZQYMX5"", ""ISKASVNQ"", ""ZXWQVA8H"", ""H5Q65EK0"", ""JMHWGV3S"", ""EDIYXK1Z"", ""J0TM6DII"", ""JJI5RHNB"", ""AVNV0BNR"", ""Z6ECU15M"", ""TDCRPGMS"", ""D1K6UCQA"", ""SSEKRQZI"", ""OCEMLKUQ"", ""QAAIOIJX"", ""PL2UMT9O"", ""HLP3WVPP"", ""3VEVUGR2"", ""VKNUSWKP"", ""AMHTTO6X"", ""DBRT4DD1"", ""XZ255GOX"", ""AWWR4SXL"", ""VUUNRCOP"", ""6H1NSTAC"", ""0SW5HISK"", ""H4HGAX89"", ""ONQHXYUL"", ""IRRXWWWG"", ""TMLALDTR"", ""RISLFA38"", ""XHUE0FMK"", ""3DDRMKTQ"", ""KGOHCVF2"", ""NWJ3TNOE"", ""KAHWFVOY"", ""QYBCNEK1"", ""EZR8KNZ9"", ""HMTDHQPH"", ""LYN3GK4X"", ""HINVJWAB"", ""EI7HIYTX"", ""IV7UDO62"", ""Z6TL1L8A"", ""2QUEMPLJ"", ""GLCAFW2B"", ""HKCZPM6D"", ""ZTRXD261"", ""FKW2YCHT"", ""ERS5U5F9"", ""J42XFAER"", ""SLV0TPML"", ""LFWT2JGG"", ""CABI8MKT"", ""GSAQYJSP"", ""CMFVVTUL"", ""JVTYUPPX"", ""WWCZSXFN"", ""F0A0IKOW"", ""GSV6NCGX"", ""SBQQOXAB"", ""KDTNTRVW"", ""GDHYFU63"", ""PSOW4WI2"", ""P4NABOXC"", ""ZAPZXL1K"", ""LQNFMGN0"", ""IRPRGMAX"", ""YITMMPIT"", ""5CPMTAW0"", ""ZPWP5GNU"", ""WPIEAE2F"", ""ALIBAEHN"", ""V9D5TYTE"", ""JHPI3HZT"", ""3IBLATUV"", ""LXV91DOP"", ""6ILIWL9K"", ""A8Q6TTXQ"", ""APLV2HTR"", ""QAKCYRXD"", ""WJLUSD8G"", ""CH1W6MMU"", ""NLBFN7FA"", ""HYUUYJXM"", ""QOZSCILA"", ""Y1UV9DUF"", ""5NNBFC5K"", ""BLCRHA8Q"", ""UHRE28E8"", ""VJGXJHKU"", ""PWAKRFUX"", ""YCGDATTP"", ""FZ0X55Z9"", ""1OYCARHY"", ""4HGRSBKX"", ""BKGWWORO"", ""MY4HOYWF"", ""8BFMYPHT"", ""NWBFNQN4"", ""ZAFJQKXZ"", ""Y8WNI2Y2"", ""CZEFJGR9"", ""PIERKK0N"", ""Y50CTGEU"", ""DZGWFKIB"", ""GXR1KP06"", ""GGU52TZF"", ""BTZAJYWY"", ""CMRVR5EP"", ""Z1PAELOC"", ""SVA3CVUK"", ""YR5HBWL0"", ""NGN8YKIE"", ""BYEELUXU"", ""6SXNBHNC"", ""QOPJGP1B"", ""BCEDO4WU"", ""NO85KXZ4"", ""8UD3JAJB"", ""F8XOQZRA"", ""8ZWSLEKL"", ""SDTWHZ7L"", ""K6ZCUEM5"", ""IGPC7YS8"", ""YETFNNJC"", ""WVYSRHVW"", ""CIHLHI5X"", ""AGOJ5GBV"", ""X8QR5YLN"", ""QOIGTVQI"", ""XTU5U4D2"", ""6AQBUQOJ"", ""CUIDKJDS"", ""PMKM17Q7"", ""79J4SL0W"", ""GWYMAWKO"", ""ESBUPTDM"", ""CN1BGOPJ"", ""JJVDH8XL"", ""K6JPSW5T"", ""TE6LUWRX"", ""LUUYBWOC"", ""DKT0WD6I"", ""MO2ZSP82"", ""893TGIYG"", ""IEDXRDJO"", ""FWA3MO45"", ""G0PLO4WZ"", ""L9TFE6WH"", ""POWR7C30"", ""61FSZOJS"", ""CUFXH1FC"", ""UEBEHVSS"", ""GKVXOVO7"", ""BQJQ7JO4"", ""07NNIJHA"", ""XIABZWHK"", ""VK2VSDIT"", ""AVSEFPAW"", ""GHFPQNRB"", ""PLUXF6YQ"", ""FRWOGXGE"", ""KZC3VPWN"", ""UNKVY6ZL"", ""RQAG97NY"", ""GBXVKFKL"", ""EQQ0JJYM"", ""6YKFEG6E"", ""GEOSQMA8"", ""JLFONZTA"", ""SVV4EDGG"", ""8H1ERATB"", ""TSJCGDOY"", ""QW4U59VB"", ""PDEBDD9G"", ""UQHW0SIG"", ""E9MVAM9G"", ""9EMK7RWM"", ""ZJMT3NAT"", ""M0HDL9AK"", ""KMQ64J6S"", ""9CGRNZZP"", ""5QRBPDA8"", ""FZS9SABJ"", ""0GIAFSET"", ""6R2MM7U6"", ""BQUEW7IU"", ""47VT9C89"", ""O7YHAORK"", ""ZWYTMZ0E"", ""CQXC9PGN"", ""PD4IOVAR"", ""S4XLEE6W"", ""GWPQU8SS"", ""GZMFJRUF"", ""J9ICOA6K"", ""UPGGDHKL"", ""RQTMKMED"", ""WV2RHBIY"", ""8TCA3TS0"", ""GX70IOEH"", ""KXVFNMIS"", ""PWVJGTDI"", ""WFRWEMIL"", ""KI2T7DDN"", ""SWPAN7LV"", ""DBWXY4MR"", ""NKI7IVC8"", ""XBVCHRJF"", ""0TFV8WNO"", ""JUT9NAYY"", ""IUI2YXTP"", ""TFIT9QLY"", ""TDBANWEW"", ""1H9GQCIM"", ""QQEAAP3H"", ""8AUH7CHR"", ""TKNG8KYA"", ""YTCAQDOY"", ""AKW2MX75"", ""AXVSOYPT"", ""05O6UFZW"", ""2LUEZKW7"", ""GY0ZC4IV"", ""J4VNTZIH"", ""LHXHIU33"", ""2EGTBQYU"", ""2QRN57VD"", ""PRMEDNMJ"", ""NMJTC51J"", ""V8PZKETF"", ""SFFUZRXC"", ""O4WSB7C4"", ""BJVCKULK"", ""VM5K6UPT"", ""SNWZWK7K"", ""OGRPJR7X"", ""RIO6AETT"", ""V51OULPC"", ""4OUGBWUP"", ""4M9P7OSW"", ""X7MLK2SX"", ""RZEDCTPW"", ""1H3DBWSI"", ""TVXIGY10"", ""QJF5WAQ0"", ""HADCQU8K"", ""DBDIE9E6"", ""24AV9YUG"", ""2NAMYGTY"", ""JLL753VD"", ""VS5CAZSY"", ""DNGVWMNZ"", ""FITW9VJF"", ""SFNYCQKX"", ""JHI2LYBP"", ""QOYFKZEV"", ""W0MNHHN4"", ""O6EONCP4"", ""YJB8XTNF"", ""6VG2YQCB"", ""J6W1MUAQ"", ""GJNOTM4P"", ""TYAR0ZYH"", ""0NTAGYPA"", ""SZ0BSJU8"", ""ZCSAV9PA"", ""QYXJH7SF"", ""CNUXQUMQ"", ""RHDDIEOL"", ""332SGOSE"", ""WJDV9KTN"", ""XFAB1YJC"", ""Z9UALPJV"", ""7EHQJDWF"", ""EGGDVAX6"", ""LXNCC4HP"", ""NCGLRWZM"", ""WKUMT22G"", ""4QCOJAPZ"", ""TTQHWUGA"", ""M3TTKSMX"", ""HHTHJKGA"", ""1PFLSAS9"", ""XSBLNH7Z"", ""WIRZPKCI"", ""YWFBMEVT"", ""7QC2WODC"", ""N181JXSV"", ""6QBKZ3N6"", ""8B2B4ZSY"", ""RDVS69QT"", ""MIS3FGA6"", ""5LOY5RYO"", ""CYIXY9HK"", ""FHONUP3Z"", ""PQLIAREI"", ""7YHOPJVY"", ""XY1IG7MY"", ""LCMAT36L"", ""EAP1HEIE"", ""GPARNDF4"", ""A6MDYNO6"", ""9JLMQ22V"", ""AWEZEGVC"", ""ZGWRCFNR"", ""4KHN3SBR"", ""OSSHCZGA"", ""C1BYMMUA"", ""CSFU3AK3"", ""KRHP4PLF"", ""PUE5RFWN"", ""YIXF9E7X"", ""2TASX4VG"", ""ZCWSMQ8N"", ""EOZ8H66A"", ""ARLFR6LI"", ""IXDAZHSL"", ""9USXHAKZ"", ""Q3ZO0KIJ"", ""HKTCPUDG"", ""PMVK3U9U"", ""Z4U1PWMD"", ""P1EG2RWX"", ""DSH2WPKE"", ""AWSHLYDO"", ""QDOMZUDP"", ""37JPRI0Y"", ""34PBXBBW"", ""FMN7N6NH"", ""DC8RUZ2H"", ""QSPV9KKV"", ""NEQORX0E"", ""VMJW5V1X"", ""GHDIDFK4"", ""JBTAVOSW"", ""D5PHY7C8"", ""VAZZFQPB"", ""THTNXEJT"", ""GDAMVKCP"", ""MSWETF1G"", ""AHNQ50AC"", ""QV7FFB74"", ""T3QULA7F"", ""JHCZL8WX"", ""CTQHRYMR"", ""JFESOU9B"", ""JRUTUXX4"", ""3KRK0W0Z"", ""YEBSR1RE"", ""BOWVNIQK"", ""HNOI45HO"", ""L0MZBPHY"", ""DAXBZ4KU"", ""EAHRVVNG"", ""K7VGG2MP"", ""QZTM1D6T"", ""PCBZ0MKK"", ""5S4Y4A8R"", ""VEPLF1QU"", ""DHOBPEPA"", ""SVDFWSXM"", ""ZH3TZ1TY"", ""6YWAI6DW"", ""AQ0OPCVW"", ""OF4KOSCS"", ""WBUZJAOT"", ""BLZFXS4T"", ""FTVDCSCA"", ""M2D7IHXQ"", ""22BEO5MK"", ""NXROSUBC"", ""VDFR6QYZ"", ""PREYFVLO"", ""PASCTRIO"", ""ZM12XWRX"", ""X59Y4G4U"", ""BNMAOIYI"", ""KKCXI579"", ""TBZZHDOL"", ""HWJTJ4S1"", ""BSLB3SKC"", ""Q8KCLGLC"", ""XXTV9A0H"", ""XUYKUDUP"", ""CPF3BWWB"", ""FIHUKDTK"", ""RSW6WS9A"", ""GQRWVUUB"", ""XXFVZ93Y"", ""FVIUOYPY"", ""W6N5RQ1T"", ""ZPIKSA0Q"", ""PCEKSXJ6"", ""EIANC355"", ""OUT90XJX"", ""VEWKEMRQ"", ""HBNJMQEO"", ""KMMRPYM1"", ""GKXXYOQH"", ""YCVSFMTL"", ""B1XXJITW"", ""KRONQZMH"", ""P7TKYA89"", ""4Z3SYIE4"", ""9O2Z23PF"", ""FRWVIZHS"", ""RPPXU5BS"", ""FJ8SWKQK"", ""SZ9VWU4M"", ""BXMNMQYA"", ""SW5A6BKC"", ""NFEPAXT1"", ""KBQ5YAEA"", ""EPCT1HOJ"", ""NB5LIZ70"", ""78CFTRUM"", ""VZ6TUR29"", ""JKHCDNLB"", ""V7PGZEHK"", ""F3PKOJVB"", ""WZOCBK8T"", ""JEOFP4UY"", ""PAXILJEL"", ""CZYMOJPS"", ""P0TXIGSC"", ""RNDAALL1"", ""SW8W8XS0"", ""9PFAM5LR"", ""VKQVL2AV"", ""ATOCOL1D"", ""PAVDW6X4"", ""VDMKVO5B"", ""USBQQY02"", ""VPUD33VI"", ""LPXXWGRP"", ""MSX0NIGQ"", ""1ZNQ23KI"", ""KMV9NCT3"", ""KTDYSK4B"", ""F2W2ESXV"", ""A3PIGCEV"", ""2YMQBEKV"", ""8VUHRJG3"", ""BPFBVA1B"", ""NT9TLKAY"", ""C7N8UCNA"", ""NWJBDYVM"", ""5BWJIHX7"", ""VKRKD8HT"", ""PRSNGK2M"", ""PITYNPWT"", ""ZLGFXLTZ"", ""TZVIBHWV"", ""MBQPTPZT"", ""LXSAT5TA"", ""44UFVV5N"", ""VKUH1UGB"", ""TISMC8TT"", ""YU7O9RWV"", ""BP85QYR4"", ""9A2DA69P"", ""YJELXWAE"", ""5P6TEIN7"", ""XYAMIK1V"", ""VCHQ6U1B"", ""F60TSGYV"", ""UPHDY5EV"", ""DYOKP8OA"", ""5BPKJEYZ"", ""XWQKHRQF"", ""9UF7QYNY"", ""AWTJYUNC"", ""KTTU5RWL"", ""EBF7CGBX"", ""KXM4AZG9"", ""TUIKPQRU"", ""HPFCJRAC"", ""VYWXJND3"", ""SVPRTQQD"", ""LHDFO2R4"", ""RQ4MUNEH"", ""BLNLBLUE"", ""HEJ2LKUG"", ""DMN24NNR"", ""RCPTADWA"", ""IHIRGHEI"", ""CT9MLHQU"", ""GYAAVNVQ"", ""HCTD1XOC"", ""O6V5O6RP"", ""E53BT73K"", ""P8QT16NZ"", ""TO867WSP"", ""000NBBMT"", ""IYRJKUM8"", ""QIB4P4OP"", ""8DJO3QI3"", ""OMRE3DG3"", ""MJOENVEC"", ""ZERMSZIH"", ""RBESNXPV"", ""XGSFABE0"", ""PBNZO5NP"", ""5UOAS1NS"", ""BQ84ETEV"", ""BTIK39PW"", ""RTMJEOFH"", ""O2K4RPBV"", ""GRBFDOX1"", ""QZQ6BXQG"", ""HPE56NQW"", ""8SC9RQUN"", ""4RVLLYYM"", ""FHTXFNTD"", ""FPMIHGWA"", ""V1HKY1TA"", ""0NFMIES0"", ""GE5FQWTN"", ""5OQ9LTBW"", ""VNJ6LAZZ"", ""SKQTQPLM"", ""RQTYMJ9H"", ""URNQWRY1"", ""IOTRQIJQ"", ""RVJZNG9E"", ""HFUISYDD"", ""775HUVH2"", ""7ZWS8VCR"", ""8GBIGT07"", ""TX4OEBEL"", ""EOGRLW8N"", ""TXGWZZ6R"", ""6VWFCV6T"", ""XLREQCHX"", ""30IYYRIV"", ""5B2JOTZB"", ""KZHULRKL"", ""MLK8JGR5"", ""SRVFQOON"", ""2GJHOMWM"", ""AQE9DSXM"", ""VGN9XJZM"", ""VBKH8L9M"", ""DBDUZVAY"", ""T9AMWUXV"", ""FEZSOTOM"", ""S7V5SXFU"", ""7TCFT2VU"", ""ZOSNAXWF"", ""UV1VORQL"", ""8LTBZ1PA"", ""5N6RQOJ2"", ""K9LYBRG2"", ""PZZT0AKJ"", ""EAOVLM8G"", ""FWCUIHQA"", ""MMJJCAJM"", ""UNONHPMV"", ""62GDDVIQ"", ""SGU5QBKO"", ""DZAIQMZI"", ""HYGNS3PG"", ""LZJYIQKX"", ""QJN6NAKV"", ""S1GIZSM9"", ""Q4BQGOGC"", ""KNRSDUUL"", ""FAQUNMNI"", ""0TTUKDTU"", ""FDDXGBXJ"", ""4SD4KLCN"", ""XAHDVR7R"", ""MJBQAP7O"", ""XOHU07WA"", ""ZQM4TXXA"", ""FU06I9RE"", ""RXGXBCCD"", ""YXNBL5R7"", ""PDNFHVAZ"", ""UL5AYOIS"", ""SEDWIT6Q"", ""RK1AIWKC"", ""9N8JCEL7"", ""902VWBRV"", ""SN34K0XT"", ""G29SRJ2A"", ""Q2ZS3KCZ"", ""FY0XYGHS"", ""S1L64JNW"", ""HHUXB2XD"", ""R5ZBIVG2"", ""OBIUP36D"", ""ZSCUI6QE"", ""SOJSPUCH"", ""KM6T3ZNY"", ""HY41NBVB"", ""ND8HLJBI"", ""ZDZUQNWG"", ""0KXR1UOR"", ""DT0LOIRT"", ""S3X8QMTO"", ""X2XGDQD5"", ""TR5RDLT8"", ""OALDHCOU"", ""PYCWI38N"", ""BP8YNSL9"", ""V2GZY9XT"", ""NPUSODNX"", ""EDJZIN8O"", ""Y79GF3RD"", ""U6BIGKKZ"", ""SXE3UGUT"", ""VBK2SXSH"", ""1ZERDSFM"", ""AODVBWVY"", ""Y20TNLJ6"", ""RT7MLIMJ"", ""CTPXB9AE"", ""VFWGZXC7"", ""L5FT58OK"", ""SYOZMNUE"", ""GIFXYBFZ"", ""BGWRZDAY"", ""BFNEEVDD"", ""PY043HME"", ""4CHZAXH9"", ""Z6UI7WJU"", ""ZPFEXF99"", ""THWXZQ0L"", ""OZJAWT7J"", ""WFEXN8BC"", ""2IU1BODE"", ""MASDQIHF"", ""BQPEFUJB"", ""M0C7TZS9"", ""XS6FMUYP"", ""URTZ8MRZ"", ""H5XZATM7"", ""C91I31N2"", ""KS2YHUEH"", ""88IRSDNF"", ""L5TPO8WE"", ""2XELJFZC"", ""8ETQ7W47"", ""BTAIZOKB"", ""I2FJNG7A"", ""ILCEOFC7"", ""TGNG8HWQ"", ""E3AJYCEF"", ""7UT0YDRP"", ""M3X9ARIQ"", ""D76D4R6F"", ""XNBTLZOL"", ""SMQPRIQB"", ""QCGVZRFK"", ""EPZLNJHU"", ""GKCQ9XDK"", ""OOAHURSK"", ""AAWTTTZR"", ""FEQFHX1Y"", ""O7JKQHAY"", ""BPNJAXAG"", ""RYULDIRO"", ""VMECOOQH"", ""DMJDPYQ9"", ""ZCHNLPV9"", ""VPTRDK4A"", ""KFABPWF6"", ""FVETTLBY"", ""MXSODYB6"", ""5ZEJCAN6"", ""8RIYYE2M"", ""BZCSBY5Y"", ""FMOOWTGR"", ""HKFW4ONN"", ""MSLLVMW4"", ""MR8LGEIY"", ""YLDROQBE"", ""ORQ5P25F"", ""L5A5YTKH"", ""MVW6SUEM"", ""DDOD3J3S"", ""IJHEOG1H"", ""B4GSQMYC"", ""UUZW7SAU"", ""OGQ1VIP5"", ""B6RRK3NS"", ""MSMW8C4B"", ""HXJAQZ2S"", ""V3RDAYWU"", ""DU7HGPI4"", ""HQFNVSKF"", ""5OXOJ541"", ""P1DGEKCU"", ""AH6HT7MO"", ""AO0N2FOF"", ""0CZITPHY"", ""AC44ZJIL"", ""KAE1AEXI"", ""UYETJEYE"", ""HAJIVD39"", ""IBS47MKM"", ""TMZDUEMI"", ""GZYMRWLM"", ""DQZTDZ73"", ""3IU0PENT"", ""G64QR59N"", ""PET0TVZU"", ""5Z6NFFAS"", ""TRJAEUIO"", ""DTGAFFAO"", ""D8K63QW2"", ""SR8JTSSU"", ""ZZ6DTZ7E"", ""3L491DF0"", ""YFSKDPOY"", ""OKJ2DTBW"", ""1P0YT3I0"", ""FOEWUL16"", ""HU2DUSMV"", ""SORSFQ6U"", ""S7PLTRBG"", ""3TJQ3URS"", ""ECPUAUNH"", ""VQHBE6HE"", ""FFDDB9S2"", ""RC1RJF47"", ""ASL1SQU0"", ""IB8HOOXD"", ""ZMLXCFGW"", ""1FCJH3Z3"", ""RAOYUCV2"", ""W4LDV1BP"", ""YWZP5QNG"", ""PZFQTOC1"", ""KSSGTXBF"", ""GXVWLPPD"", ""BUY0XJYW"", ""6CLOP0ED"", ""OIK3XLPW"", ""AYT2GORK"", ""U5PO9EWS"", ""MK8VU4DP"", ""NTWKJ2GW"", ""TYDOMJPT"", ""CKEUUFRK"", ""CYMQEYTW"", ""MNMNNSNA"", ""VL8NKDAK"", ""SYSJIYQR"", ""ODNCZ6AO"", ""9P29BTHT"", ""US7NKGSW"", ""E8HAXN5B"", ""LJLW3UQH"", ""ELRZQU9S"", ""L8JWXYEC"", ""2PTJJWDH"", ""RVDPTZH8"", ""S1ZYFXVY"", ""DHX9CWF0"", ""QE7MEZ2A"", ""3ZKHVRUC"", ""DI2UQJBY"", ""BLYTNPI7"", ""JT1313HP"", ""UCGLSV5I"", ""1VWWIPGT"", ""LRECQROV"", ""RIG09ZIQ"", ""3QLAHB4M"", ""AJ1YNUKN"", ""H0GEQHJY"", ""RHMVHWAM"", ""8BDKAC9Q"", ""NJZB8NGC"", ""Y0FMPAM8"", ""XJH1SM94"", ""NLFZEZSN"", ""OTJTXD50"", ""VV28IPXC"", ""TSJTI74B"", ""UGG6MX9K"", ""UYYKUP2M"", ""GWB4PGHM"", ""DP61CLGQ"", ""85D3ESB3"", ""F0GZOOAC"", ""CYZIEXBD"", ""E9ORTCN8"", ""YVMYRXE8"", ""DGAPWL4G"", ""PYLYXNK5"", ""TYON7HQJ"", ""U8PR4ATX"", ""9GY8QGBR"", ""WIMIIG7P"", ""4MCS2E2Y"", ""H7KMFGJA"", ""ADZJWKPD"", ""ZTOYUIXZ"", ""0BCNCNBF"", ""C8CTULWJ"", ""XBBVDNGW"", ""E8NCHTZZ"", ""06YCPOEA"", ""SWSDS7IX"", ""07D0UDUI"", ""VYVN3CAP"", ""P1FI4JFD"", ""SYSXPBOR"", ""MTWV8XAI"", ""4AYDULGM"", ""3PMUB6TE"", ""ACWFYRIR"", ""FQVCMDQP"", ""SHOKTCXQ"", ""JGDGKOOK"", ""L9RSH5ST"", ""ROW7XQCQ"", ""KO9EBJVC"", ""OLK67ZVQ"", ""PORSKNG8"", ""P7ONEEJN"", ""94FKDJVB"", ""EH3WGBHQ"", ""1JF4AYVU"", ""C68FREPS"", ""G5EYHYUM"", ""BGR9XNR8"", ""IQF6AQNC"", ""S7YIGQIR"", ""XFC4VVYR"", ""GDGASHSR"", ""QGDLSCC7"", ""DQC6DW0P"", ""P0DK1YHT"", ""SEHRDEC3"", ""QVYIHF0E"", ""4IW0BRSC"", ""XLMBL0KY"", ""YGTBUN4Y"", ""JH0TT4GL"", ""BJYTOMOC"", ""JNIZNYUG"", ""HMTYFCZF"", ""T8LV9SOE"", ""2CK3ODWB"", ""H9XEARIR"", ""MYC7LDGE"", ""EOQDWVYM"", ""TDSUWWP9"", ""FCC6GM7M"", ""JUNB6OGR"", ""QSFGUVOI"", ""KYDMBCXU"", ""HLX0QHLE"", ""EFB7GCGW"", ""8Q1EKW5D"", ""K395PZR7"", ""IMCFKGI7"", ""HPVKQFIY"", ""PCKVJONQ"", ""QDEVI78Z"", ""3JKOMANY"", ""C5Z2L8UU"", ""1C1SKYWG"", ""961C9PXD"", ""TY95KT2H"", ""K7UOJ2QJ"", ""ICUICBME"", ""GKOPSBNV"", ""Y5TGR7XS"", ""KSWRZIXS"", ""SCS25AFS"", ""FR3WQDNQ"", ""PYLIEJKR"", ""NKB1HZOZ"", ""S2CFIBU8"", ""GZBCSBTC"", ""DLHDAAMN"", ""VTLMCJ6T"", ""ASE6TAZR"", ""KG4LZPNX"", ""DVVEZQDP"", ""VE8GHMSR"", ""5FGFJALE"", ""BNW7Z0LZ"", ""S5UMTTKJ"", ""YRBIDLDF"", ""FCQOIXPE"", ""YNH1D1BJ"", ""HRT56TM7"", ""PKSYN5Z1"", ""KGAQSYVX"", ""3Y2SV2MO"", ""2WXEM5RK"", ""UBZWOBHF"", ""BTJWKCND"", ""VGMFHWXW"", ""WPJYFNVX"", ""KPUPI2SR"", ""X6N3IFXW"", ""KD5XQL8G"", ""VGYVFGX5"", ""4HZRKMSZ"", ""YVCAV7L0"", ""QB7HZMHR"", ""O2WBP3YH"", ""M1DDDOQ4"", ""BJ1NMGZJ"", ""A6XCTBWI"", ""VJPMTAOL"", ""EJPMCYVG"", ""VI0TZJHD"", ""RMVBZUUQ"", ""9WONRHSN"", ""ZOQG1PQA"", ""FYEZI7XT"", ""VAKOATLZ"", ""YV8J4YZZ"", ""TNQDMLEW"", ""LVIU4TIB"", ""TPZIZA3Z"", ""BLAFNFFP"", ""EXVCU577"", ""YHIF2EKN"", ""CO0ACKRI"", ""DXAYHIIF"", ""TKVJW13O"", ""A7SAR88X"", ""S3PMU162"", ""OAOZORHU"", ""U5P1NZTP"", ""Y58RARBZ"", ""ZR6KOT7P"", ""HJQO7HYM"", ""QKTO6QPL"", ""NDMOYHYQ"", ""PPSGXN8M"", ""DMCMEUHQ"", ""D2WARTUD"", ""UJ3MYHQE"", ""SKH7NCSW"", ""ZE0H40L5"", ""FTBIRETJ"", ""L4IGH9DI"", ""S62YZQV8"", ""GKPCM62Y"", ""FCFAUWJ9"", ""X6AWTWXU"", ""GD6LFYQP"", ""RY10WV2U"", ""3MQONCY4"", ""UO257DBZ"", ""UYHWTWHA"", ""ZESMZNNZ"", ""HECIE1L2"", ""XAMO4M7Y"", ""X0OYLGRL"", ""LFSUY8KZ"", ""WV4NGUVI"", ""LDZ5FBF0"", ""4QLFXPS3"", ""UUU9BSR5"", ""0KOXR0Y1"", ""HJQVLLSB"", ""OMWCLNBZ"", ""KTRV4TFP"", ""BJAQJAEW"", ""X3FL4PUN"", ""CM3VFUES"", ""OX1HYGRZ"", ""4BSOXYLY"", ""PLZ0BQQN"", ""YCGOMZDS"", ""GGTDUF6G"", ""YJDWJCMF"", ""WTVHSDWO"", ""PW3UG8Q3"", ""WOCWOEYU"", ""CUV8UFRE"", ""I8QB0X6T"", ""3XDKZVQG"", ""GQ3QHIFP"", ""4KJAQQOL"", ""8SBHJ04J"", ""XXMIACXU"", ""IXM6XX5C"", ""Q2KRGYYH"", ""7R7UASLI"", ""KDVBH2BO"", ""YDH5EYXP"", ""89JYRLV2"", ""8TUZOJKL"", ""JHIQVWYC"", ""VVDHYOIO"", ""GKKZHR0K"", ""DNLXLMEA"", ""RXPAVZSC"", ""RBLWG35C"", ""USZIBYWF"", ""3AKKQTVE"", ""WIZ51CMB"", ""ZBRLFWYZ"", ""MM6HWZ1U"", ""WKGR6G1N"", ""TSB8AAZT"", ""8KYX3YGB"", ""0IAHCWF3"", ""FX8UW9YX"", ""9T4ASZGO"", ""CQKQEAKN"", ""NI8IFOK8"", ""W8PYOEHL"", ""TOVAZIXD"", ""ZEPITDFE"", ""B3FGBCWK"", ""CKJAHJO3"", ""ZSVI6IXQ"", ""E5DU0QPE"", ""TJ4WEK41"", ""W5MGY16D"", ""R4YI3UXV"", ""RVQKCFIM"", ""NFVKGXE1"", ""NHI6LYFE"", ""7UC4Z7GK"", ""MHRETFFP"", ""ZWO8AOKN"", ""ISHNQNZS"", ""XUTE6QIU"", ""OC9FQM9I"", ""MYN8GULL"", ""PPKFMPMT"", ""XOIRKE0J"", ""UGAZ0RYJ"", ""6AP3RPAP"", ""3REJSNLR"", ""V0JTHTY6"", ""DQWOLMBB"", ""UJ97AASD"", ""5IMZEZ7S"", ""CQZBOXXN"", ""SVFVKUIL"", ""DEQRUF8D"", ""WT9SK0ZH"", ""66S5RDTL"", ""EZBF1XZ1"", ""TZITXXFA"", ""6SNAPPSZ"", ""RSFPLGNM"", ""SDMI6HFH"", ""D7HBMJIU"", ""RDIVECQF"", ""BAFJBZX0"", ""YMXO2IB2"", ""AAN50BBN"", ""BPEPHNBW"", ""SMJ7UHAA"", ""EAZF9YPM"", ""UT98XELX"", ""MCMIKWPH"", ""IVPXTRG0"", ""D581Z8Z0"", ""UGQKTYGB"", ""AUKDA70D"", ""X1ZMTS0P"", ""NEPX0D2D"", ""I7H4QVWH"", ""JXGXDK21"", ""ZZRJIXIF"", ""EFRMHDG3"", ""SDELS0NR"", ""VOSO2EBG"", ""QIYQTG7Q"", ""XJJT2PMN"", ""RHAX4V6I"", ""JNXOVHI7"", ""HWES44H5"", ""O7A2CABI"", ""WPXIOR88"", ""OF5WOCAU"", ""NIZD25EY"", ""IB8OFCWE"", ""MYPYSHUA"", ""ZIMJHX3O"", ""KPIGF5SU"", ""HSBXPNJC"", ""8KW5BQ1Z"", ""PZ0PNO8J"", ""SUYDEQMH"", ""3EIMDRIR"", ""PXTM7G8X"", ""OMLWWLWT"", ""K7IKQD2Q"", ""ETDSEDAP"", ""JLZBSGSP"", ""ZDPDKQ1A"", ""R2I55QQ9"", ""P4MU99NI"", ""5BGUDES3"", ""HXCW134P"", ""0E3NGQXA"", ""2LWZSJRW"", ""ECVRP5BD"", ""TBRHRJQF"", ""GEYFTPYE"", ""A9A6OKYY"", ""6XK67PWH"", ""TJWOWTYG"", ""HIXYQ0ZM"", ""NVTURCDC"", ""ANGUHAOB"", ""4IIYSXHH"", ""RI2UEILV"", ""UZL9WZ5H"", ""EFJ8PBCC"", ""JBSVSQED"", ""0K2RCUNI"", ""IC2DBF5Y"", ""NPJBUPOW"", ""B2FLPFIF"", ""3U3GKJZG"", ""MBYJXDNM"", ""CYKQA3YY"", ""VODT7SLN"", ""YYG97GBF"", ""IDX4KD5L"", ""U2L9SC6T"", ""D2W1DQGC"", ""DUZ22UKJ"", ""3MMOFK5A"", ""SCUEKV6S"", ""JKMBGC9N"", ""2CXXCNV9"", ""8ZABWVRD"", ""6V8EBUPO"", ""QEPW0VGL"", ""DPXV5OVY"", ""SBP0EIR2"", ""IH9MND6N"", ""JT4YD3A5"", ""ULXENM6Q"", ""JDECLMGZ"", ""BYSTI5WZ"", ""JPYHU2R6"", ""Y6KUVUXA"", ""EHX82QCV"", ""PS301KPF"", ""JFIIYHXS"", ""0IB2NVFG"", ""U9WHIBEY"", ""WKZ8YGT7"", ""7OT0BDDR"", ""TIEXUT4V"", ""QOYYC1RI"", ""MIOXOUNX"", ""I62LJTIV"", ""HHIKPNBX"", ""3E4ZYK9C"", ""AFNMPFT5"", ""CSSGS0J2"", ""6CSYQHX7"", ""X6WHK2AI"", ""UX3NKA4R"", ""MUN7CYCO"", ""0T35GZAV"", ""YUHDPQML"", ""NXGRHUWH"", ""SXYE1J2L"", ""T0B6B0OQ"", ""8CASQORV"", ""A37CWJV1"", ""SGCO9GIU"", ""EH5VOTWK"", ""4RDW5LIG"", ""ODVOVZUU"", ""8ABH0RTC"", ""5MXJ22SY"", ""RVYBRHKE"", ""QDWHKERY"", ""AFOMQHSI"", ""CVJQFKD9"", ""AF4O1D03"", ""RP5W5BXK"", ""YRYPXWGD"", ""9M9SVXIC"", ""35QSEXZD"", ""CNU9UX8B"", ""TCJK9YF1"", ""6CDB5HTU"", ""CHPGCKXM"", ""HIA8YDCZ"", ""TZHRYMLH"", ""LTUALDTB"", ""TB0ZGJRV"", ""0S7FHZ2C"", ""JP16D8PZ"", ""M15PW1Q8"", ""VXVUWYLP"", ""52NU649E"", ""CZ4HJURN"", ""WPEQJTMH"", ""SY5RZXXL"", ""VCTZ9HZA"", ""MAJWVK8N"", ""5NHSQI4D"", ""OKMEDM0S"", ""Q940RRFO"", ""RYEJYWZH"", ""5P3GJHTF"", ""JHDO8MIT"", ""WGG3XKQC"", ""U4KUBIXY"", ""ID7TBPYF"", ""CG2LGW9Q"", ""UEFOUPHL"", ""OZOE5HQE"", ""IUKSVXQ1"", ""DPB9NKR9"", ""YXD0FALK"", ""JKW7RJYO"", ""GGUEJO9B"", ""ZOURVSX1"", ""YMECCOUG"", ""6IUUE2TR"", ""5JMGYHTF"", ""PFSOUQPR"", ""2MDFKRWO"", ""NASD9Z2O"", ""ABZDN8VU"", ""1KZU6LU9"", ""ENLTGD5T"", ""WULRHBWO"", ""URUTP4FG"", ""S0Z4NBRH"", ""IRPRXAVL"", ""BYMHTAVM"", ""BCVXDT4X"", ""3OYHVFH8"", ""RZUNMENU"", ""RUPIBFNS"", ""AEDDQV93"", ""JXI4UQQV"", ""YQNW94I6"", ""AT7VSP5W"", ""RWUKATK3"", ""BVMFXDQR"", ""2WB6SAZN"", ""GUK4F1TD"", ""VT7WPHRQ"", ""IE1JUJEP"", ""0A4R5ORO"", ""74N11O9I"", ""Y0MPZNM8"", ""EVKP7JAD"", ""LFIQDMEM"", ""YSHDXR1Y"", ""48SLKTZN"", ""NP23W9WO"", ""UGQ8AXBZ"", ""Y3AFMKAV"", ""AK3MQCFZ"", ""UKWRRVMR"", ""CZ9EPG5C"", ""YHJURVKE"", ""NUZWILHM"", ""UPEHBGM2"", ""QDLKG8FH"", ""6LM5BBMI"", ""P9XYGOQA"", ""KCDN1WDD"", ""IMFREBYU"", ""J82ALI1D"", ""26S4LBHU"", ""RGJ0YOQZ"", ""WAGUMQYR"", ""CKSUBWF2"", ""ROUCQ8GH"", ""W1TTWMAU"", ""V1DESQXC"", ""HBG04HLJ"", ""OIEJWEGV"", ""7RSHYQLY"", ""I1NGFA6S"", ""ZCDC2ZTK"", ""4RQWBJ9Y"", ""VXQD2OG0"", ""XOUVIXTZ"", ""VE470IF3"", ""BRUSJRUY"", ""ELH9W83J"", ""7BPSRLWQ"", ""IF2MKBUC"", ""HAYDBPIB"", ""VKRFS55A"", ""8F1ZBPCG"", ""YQ8IQESV"", ""YHQ0YYD5"", ""UZZ8SGY0"", ""GZJZDQ89"", ""PJ2OH19B"", ""6F1J6ORT"", ""EO5ZXJC4"", ""SB9XMFDC"", ""Z4G7RMJ8"", ""BZEI0YTF"", ""KHSBGJK4"", ""RGUJ6UDG"", ""2CBA0JXW"", ""UGRMPUA7"", ""MUVAHXUP"", ""EUD1KCAB"", ""CX4WJM85"", ""N1RWHNW6"", ""6RR6U0UE"", ""SMH2OQM5"", ""DUSPWOJ6"", ""YIEZ01UO"", ""HE4PJCTE"", ""LX5LQA3V"", ""OC7LRMIC"", ""UMPIO0XW"", ""NLGIDWCT"", ""WKVBOGVN"", ""XALRI11Q"", ""9WA7SM2B"", ""UTFHPIQ2"", ""XTHQW2JC"", ""W0VQMXRI"", ""MDOYETVU"", ""I7ZVQOJ7"", ""DLERDDGG"", ""Q3B5RG04"", ""OFPFTC11"", ""7MVBUXLX"", ""JUGWB0OT"", ""ZYREOMVI"", ""U7S0HUTD"", ""9MXEMUO9"", ""HQZASR11"", ""RIA0OT5Y"", ""B3HMZOCS"", ""02H2YKOH"", ""AXNAA7S8"", ""CYA8LPLB"", ""9XKEEDQ4"", ""ZRC20FOB"", ""ANDSE9A2"", ""V8STGS50"", ""O3GIPH3V"", ""RD9LY3DW"", ""1VERQRNV"", ""INTXCX5Q"", ""6T1RTWNQ"", ""VMRX46IR"", ""CX7H4A1E"", ""F9B8UQHM"", ""DF9P9GP4"", ""L2NANY1H"", ""1KG8PRTZ"", ""AM93OTLM"", ""HXBOVS1U"", ""G2CBLBTF"", ""QW6NU06X"", ""ORQ3LKLA"", ""MTJCT9VA"", ""QJUUWKCK"", ""9J3CRGKB"", ""CMHEPU0B"", ""VMSQLLEH"", ""Q90DD1HY"", ""AR58OWJQ"", ""AIFKBAQK"", ""RXZJBHQD"", ""VUJ5KR0E"", ""OIPTIQ8V"", ""85J51CUO"", ""VJGGFVCK"", ""HEX7SXCR"", ""K5NJEE5S"", ""ZAWHCVZX"", ""XRYSKXJY"", ""7CGSDAWQ"", ""Z8KOFEHP"", ""P3Y4RDYL"", ""HFJNBURM"", ""F8UAWL0K"", ""DO5CGUTS"", ""PZDR7ZAN"", ""9B8MHYQM"", ""PYEWRNBQ"", ""EB2S1JNJ"", ""SSCLU8AW"", ""J4ZIRKET"", ""YV1JB7LH"", ""ALSCT1Q7"", ""JIYVQVMG"", ""UCPD5TE4"", ""SUIGNGNZ"", ""YIII1MW6"", ""ISOJVARM"", ""VPLEMXKJ"", ""BENNT8ZR"", ""ETUQF0OP"", ""LV418VGY"", ""3FD6ZEVP"", ""SRPZZV83"", ""UI2GYJPU"", ""WKZCLJGF"", ""WCNZHUZB"", ""OM74FAH1"", ""BQD7OQRG"", ""6ZHGNB5G"", ""TQZF7P7V"", ""TRVJMFKF"", ""LVSTU4BE"", ""FUIJSSXN"", ""AMNL0PIY"", ""4WX3DUBZ"", ""MVAIZDLQ"", ""1WZ22R5A"", ""XADGT0XT"", ""BUTTFBVT"", ""EF5XZ5FV"", ""4TOVOV1G"", ""SQQYTYBH"", ""FPIOJOU4"", ""AYSDDLRN"", ""SYPKIREY"", ""OI31DFHA"", ""DRZSAG7H"", ""AEWZNWSX"", ""63SLMA4L"", ""WPJQBQLN"", ""NAVBLUON"", ""FMQE8IWR"", ""PFC2PXFA"", ""NEWOKK2O"", ""UQQOCQLA"", ""BPCOTCL2"", ""HNPFGCC9"", ""NIPC2IET"", ""YGAWODJB"", ""C8DQPB0Z"", ""UWNRXJZN"", ""FSOJTUQJ"", ""XQQUUWIS"", ""CCZMXEMD"", ""HUNGP0HB"", ""NBNSHNUS"", ""VEIDTBMV"", ""VFLTBIYS"", ""9NVOS5FL"", ""MO0WAQZS"", ""IJFMY4WO"", ""47KEPUVX"", ""PCLFRSI7"", ""MGQHBB7V"", ""75S9USIR"", ""AFLVUDTA"", ""5FH7YVRJ"", ""99TZI8TN"", ""FLGMZLP7"", ""BH0KDGPI"", ""ZJ4TGOR7"", ""LYUZ33AZ"", ""YSV7U08I"", ""ZRSSZWL5"", ""0IGFCSYJ"", ""WZBEUNOJ"", ""EXV4POGF"", ""RU73CDXX"", ""VCNEORGT"", ""9W7XGWCX"", ""1M8QAJZH"", ""R1RNZOZE"", ""BEIQZJ59"", ""EWSBBMT7"", ""NITIBES4"", ""2ZZLRGXZ"", ""BD0ISK9T"", ""FD4A6WOR"", ""XB6FYQEY"", ""MRQRQCME"", ""KJSL1ZXN"", ""X86S6BFS"", ""K2BSGUZK"", ""GUSWCT0D"", ""0BNZOULG"", ""LA3NOHW7"", ""OFGP7ADS"", ""H2PWY2HL"", ""MOFWZH4V"", ""SGAIJ3QR"", ""L0FHADKJ"", ""IKOZMDES"", ""VWTHT8FX"", ""2KYASQOG"", ""BCPCWCMI"", ""JWUVTK2C"", ""ZVWMM0TO"", ""TE7EBFPT"", ""ZNFTM8JY"", ""2CLVQR8Y"", ""YHMQXJMH"", ""FXRK6WFT"", ""PLYDC8MY"", ""XOUKHDT9"", ""N5SSALVS"", ""U4YHPR7A"", ""EGNBLGCZ"", ""5U0DWAO0"", ""7CXEMREA"", ""LJB5Y1ZZ"", ""ECZXZPYQ"", ""UQHF4FIN"", ""SMCBSTXM"", ""OGAGCKLL"", ""JTT1BM7N"", ""DDHAN2Z8"", ""PMCH1XQD"", ""U5J37CMG"", ""YCHLN0O8"", ""L6HM7VWD"", ""XZASKVYB"", ""1TQYMS6B"", ""OUXYDXCR"", ""57MFVDXI"", ""M7KSK1R1"", ""XDGQX35H"", ""U111ZHAK"", ""MVLWV3T5"", ""2M3U7GK7"", ""1SUUKNK5"", ""MX1S5UD0"", ""NTDMDIBA"", ""4NRMYQHS"", ""FV4QGBPR"", ""YMFQFEYX"", ""WW6NQDAK"", ""TXNDNPTJ"", ""O2OJDGW3"", ""GNWT58EF"", ""ONE1GQBP"", ""QN7IU2XB"", ""S1U6LYKM"", ""WFNTHDVS"", ""JY1XGNEA"", ""TGFVSS8D"", ""ADLYHRJ7"", ""BZS1AE3Z"", ""UHGC2BVM"", ""PAHHUZLY"", ""YU1U9ZHT"", ""EN9V3PW3"", ""X526BRBW"", ""62OBPKXZ"", ""52QIU70U"", ""TQAY6Q1W"", ""QADWRKVK"", ""QPIIHZLC"", ""OSAQFICK"", ""SBWSHPYF"", ""SO7SGGTC"", ""JPITAHAJ"", ""8PTIZPSR"", ""IAICDUK1"", ""D1RMPBOV"", ""32E4NF2W"", ""HKSCRKZN"", ""NEOICXJV"", ""BQC0UFBA"", ""2VHMBUDV"", ""QVFE39WZ"", ""VB5FEHXU"", ""ARBAYTJZ"", ""JRXHWZRY"", ""AURG6RXD"", ""C6HAZCPY"", ""SSBDOR2L"", ""B2T3ZAJN"", ""TKON7YOF"", ""GU9HGPJ1"", ""RT1QFZVU"", ""G2HXLVQK"", ""EXMDUFRX"", ""UGIDERAU"", ""OIY24X0P"", ""NIR8WPWT"", ""QBTYB1VB"", ""VY1NWUUL"", ""6CYXDD1Z"", ""0QXVLRJA"", ""0BG3OVTT"", ""RJTQADSH"", ""XZM4ULEQ"", ""TN9MTAVT"", ""4EYFKXE1"", ""F84TTVLF"", ""U3WJRTPY"", ""JPWDLKRO"", ""TXJPGDB2"", ""0TGZK9NE"", ""O0LSMFR9"", ""GYQQSLM4"", ""AGAUIGGR"", ""DXNLCPQT"", ""XESCUJKK"", ""L4GX4QYV"", ""SJQKHZF0"", ""5UFRTMSA"", ""NKBLXUCP"", ""GN44WSCV"", ""MZMKQ3DJ"", ""1MLYWX1N"", ""HXTDM1PW"", ""DSSSVXGF"", ""ERMWWOWU"", ""6WPEC6Z6"", ""ZB01OSFD"", ""PE5TAQ4Y"", ""GJOETMN1"", ""SRUJHFFH"", ""ZHJIZ4DG"", ""SUFR65SQ"", ""CWABNASS"", ""0GW9WRXG"", ""JSHOFFJW"", ""V9NIMOWX"", ""IV4FZTNK"", ""ZSPHEMSN"", ""JJZQVOVM"", ""MWIUXUHV"", ""0GQWF9YJ"", ""MKFQQ0F1"", ""K89ZJRDE"", ""OAZWRIYK"", ""URBKXFJU"", ""IRHJKIWY"", ""RDLEWRWY"", ""FOLM7WSK"", ""7YP9MXOC"", ""07RPT3RC"", ""WDWLUQRL"", ""DXGI6YIL"", ""H58XUIDS"", ""E3HHNPSO"", ""UTFSNBFG"", ""2UCEYTOA"", ""EWROM389"", ""HAXLPANE"", ""P4W3EUSG"", ""GD3WCMAW"", ""MRVVCDON"", ""BRSDWDUF"", ""GE636SPN"", ""XOM15HFX"", ""FHJLL4VR"", ""YD2O5YZT"", ""AC8WKKU5"", ""YE9Y4KTH"", ""B60LYGV1"", ""V4VZK9CB"", ""4FQVH24U"", ""MHNLSBRP"", ""JOHALL3S"", ""LYGOGWZC"", ""VRKZLGIA"", ""JXAAWPTG"", ""VSU0SD67"", ""PY8CYPUC"", ""RB7VSONL"", ""OP8URVWP"", ""GIVKGDYA"", ""IUPA2HTN"", ""WXCD7YMG"", ""ERITD4OW"", ""R62TS4VR"", ""1M6HNMLV"", ""J2ZMGLKP"", ""TVCJCHLK"", ""22AF1DQN"", ""DBP2L4FN"", ""B2VI00LG"", ""N332EW3T"", ""2YNLRXIQ"", ""CPYWOTQ8"", ""2PAJKGNA"", ""7UBZBZH7"", ""LX7CQKIF"", ""RY6U6HKW"", ""FXEQOFZR"", ""UJ6LMGV6"", ""TKPJONXU"", ""FNVSWUD3"", ""EAKKQNMO"", ""8E9YSKAA"", ""62KNP4R8"", ""7WEHQX2S"", ""ENSE0FHM"", ""IHFA7HCM"", ""QUY6SAWI"", ""5NGBO2F9"", ""R0PDZZOF"", ""PZYGSRJK"", ""TW6T1CRT"", ""3TTWJXD4"", ""SE4FXWVR"", ""NKJ3BAER"", ""LKXCYHLJ"", ""AGUIEVMA"", ""WHO5DLXT"", ""BQCPOBYI"", ""YQES1MXL"", ""QHFSDUHF"", ""L9S94VX6"", ""OWARFNGW"", ""7UICD3HO"", ""DLUTV9Z1"", ""GOLDHDVW"", ""JAJVLBMJ"", ""ZAKJ65RQ"", ""6OLBNB2G"", ""NUKNNKZF"", ""RPFLFZKI"", ""DPQL8EIM"", ""LHRMTT2P"", ""K86N3BYF"", ""VTX63T7C"", ""DVBZV1WK"", ""S7CHVVLL"", ""FAUE2XJQ"", ""WOAOBWSW"", ""JAWSJDA8"", ""MUIUFROI"", ""BCBSG9UL"", ""6JYXJNZJ"", ""ZI5J6N9M"", ""UH6AZWMT"", ""Y7S8JSTT"", ""ROMGDFVH"", ""KKFGPJVF"", ""TIU898GR"", ""5VDTOLLM"", ""V12N0E8Z"", ""8WTHIBZR"", ""6Z6Z1OHS"", ""UKTWP5QR"", ""C5RUH6PF"", ""10DMUJ1O"", ""FJ02TEAH"", ""8I6JUEED"", ""2FXWMVE5"", ""N5BLKXM1"", ""YB0SCFEN"", ""0D6W3IC2"", ""JEN8SFC8"", ""LEYYY97J"", ""N8SWLJYE"", ""E4JJOE0R"", ""A9UYVKB3"", ""V1GIUQQ9"", ""PEUXBGHI"", ""EDI7CER9"", ""BZQJI0YL"", ""P6TFIJFL"", ""FHDDDXMV"", ""Y8MTAAJU"", ""OMZPPH2Z"", ""IPLSV0SA"", ""GSD0QJWT"", ""TV0M7GQB"", ""OBAGN75W"", ""CRQWLYLS"", ""SRJV8QRY"", ""I3WXHWIC"", ""E4BLGUBT"", ""VW5ANM49"", ""0RDE0TJC"", ""1P0BIF0L"", ""POSW1IFJ"", ""7SX3Q58W"", ""XMWQLZS7"", ""50CYEPEO"", ""ZZZQFLNS"", ""FIHU7AV5"", ""HN9MDZ8E"", ""WISXNYDY"", ""8IKEOMPD"", ""S0YWY0FD"", ""TVQEQG9D"", ""OZ6GREFT"", ""62ALGBJP"", ""SOUGKADT"", ""IJPLFD5O"", ""0YBJZV4L"", ""0CO5Y33Q"", ""GKY0VPXU"", ""R2LYVKYZ"", ""AAZEYEXU"", ""HU5RYMRK"", ""OG9UUVZ1"", ""PIZZAJOK"", ""TCNDMBOX"", ""ONCGRVOO"", ""E4L89ERU"", ""O4ZNCBBD"", ""DO7A0Q8A"", ""4JEZMOSJ"", ""MODTKDCS"", ""HYJNSBF3"", ""JEW7EDUA"", ""FLKE7LWJ"", ""MLGWXWVS"", ""BAXW9BZG"", ""VHSKFKMF"", ""RBKYZTJI"", ""JFLXGAIM"", ""6I7AS2IS"", ""GBMHRYQ0"", ""WBVDTSBE"", ""XEV1BFRO"", ""NILLNHGO"", ""7FDEEGLF"", ""TUUJQC07"", ""AAJVXMST"", ""01MWO2T7"", ""3OLJGXMJ"", ""SGFOHN9T"", ""ASRPLS5A"", ""4LYQCQUA"", ""MFLP4OYZ"", ""OV4LLH2N"", ""CZODNWOF"", ""ZIFA2EFF"", ""AASBMVBJ"", ""SRTCGYPC"", ""5VJIJRMY"", ""6QR1KYUJ"", ""FAXOFRAX"", ""WVWHLW4D"", ""MJF0S40J"", ""HBWZE51Q"", ""EF6TUQQO"", ""4A6FE0I6"", ""DT3KMI8S"", ""PPJDX2RU"", ""VASF27AP"", ""3AHGAR6Q"", ""QDCYQDBG"", ""7VFZVLFB"", ""WGVRC3U1"", ""AA3IKX1X"", ""KQOSAYQ5"", ""0K9PJNZZ"", ""OGVAFKY7"", ""AR9IF1AJ"", ""LVACI8NI"", ""3DTF4WAB"", ""B5Y0IMF5"", ""E7SQLE32"", ""8IG90EBZ"", ""7JKWERLI"", ""2T7DOE70"", ""VZP4GUMM"", ""NXUWPLMT"", ""L4RRBWQH"", ""OSMTAUBW"", ""ISAL4XDJ"", ""OG02FTBQ"", ""4IBN7WXA"", ""MFP6EWVR"", ""QLZPR6OF"", ""XYIHYZDP"", ""3ZRFJBGD"", ""W2S8HCZM"", ""2YUOWQAB"", ""ZCBCSBQR"", ""CNWUCVUZ"", ""ZKYQSVTZ"", ""PIYS8BZO"", ""KBM7THZ7"", ""FKVBXS9P"", ""XCL3ZFFT"", ""NOBJFY22"", ""I6HEUDAH"", ""MQJGQ9WO"", ""QW5A5HMG"", ""APBR0AF6"", ""A1GRB2C6"", ""IFU43BX2"", ""T71CYHR1"", ""KGOINYEJ"", ""YSNSP9LR"", ""1NCLHQPU"", ""VPLOLGZU"", ""61YGLGJY"", ""KNXFWZBJ"", ""FOFJWG8W"", ""KP6LJK1B"", ""PHAIDLQR"", ""JXJQIRFX"", ""EW87UAUH"", ""JZS4UNEB"", ""5HAFMYQ9"", ""LJDKU8ZJ"", ""QVAJCKLS"", ""JOYRTWRK"", ""D0QZ1JXW"", ""RSPJWNH9"", ""HRTMABUY"", ""QZDR1UBJ"", ""19WXJ0GJ"", ""ERE1RETA"", ""HBLPMP2O"", ""JEYNHXQZ"", ""TRJZ4XQW"", ""6A40XSDJ"", ""LWRLQACX"", ""DAF4N6BU"", ""0SLAOVJZ"", ""XIWDSXE4"", ""JAWMC9GD"", ""8P7ALBL6"", ""VWW8OZWP"", ""OOQHZAEH"", ""HMUX2CZW"", ""ZZAQ2IPB"", ""GNU1RNMC"", ""7XMSGMCC"", ""MPNPV7WT"", ""HZZBUOU9"", ""6S0KRFSE"", ""WB9BXZJE"", ""T0X48P8Z"", ""F9NS51BP"", ""FOKEFKES"", ""LFFMZZUP"", ""I78U7G0M"", ""UGQNNNQJ"", ""OASSDQTR"", ""PBXITOQ8"", ""TCGKKNQN"", ""Y5XBJSBO"", ""GMODLGSH"", ""S9WMF8QX"", ""M5Y2PWSN"", ""4BWJ8AVT"", ""FO63DCBL"", ""YU1AILFX"", ""8J0KX3NP"", ""0DBIFZCG"", ""QXKTVIQ2"", ""0ATEG9EV"", ""F4OBKF7U"", ""4OLNEKDK"", ""FE25187C"", ""UNLA6S1M"", ""YK53ZOTV"", ""B8VI3LO2"", ""4ZRY3MH8"", ""XA9317UP"", ""ACPNMYTI"", ""OJ1YWLNF"", ""I7DOKS5H"", ""HMACXVQL"", ""7CRW4DG0"", ""3D83086D"", ""5LN8C9D4"", ""DMBY9IGD"", ""RPZUFWEH"", ""XBHNKA49"", ""EGEMGNTR"", ""BNHKKCMA"", ""BBIHLUFR"", ""MJIVEDOL"", ""JN8NDLTF"", ""ESFKELK8"", ""57CGYE1G"", ""WSRO1AAG"", ""95AFNN5P"", ""LEWXFO72"", ""UUTTLXOK"", ""C63IDLP7"", ""OZDHRHIP"", ""D3OX63CB"", ""WHCVJE7A"", ""OFQYCJLC"", ""ETFNWCC9"", ""XQNMLNJS"", ""JWVTUY6T"", ""GYIW8HN7"", ""F4SYEVOE"", ""FTEAVND2"", ""HEDLLQPQ"", ""SNID4GJM"", ""XTIMXQ9L"", ""SUU8JQQU"", ""YUQX41YW"", ""J5AD9KCP"", ""R7RFW9XM"", ""4VFYXQOF"", ""JTLEQGUC"", ""ZEZULWEL"", ""Y8MJMDV0"", ""QZRKC9E4"", ""GRKVJYEO"", ""U8EABT7M"", ""QLUCSRYP"", ""C06DQFJ8"", ""YJWQIFCC"", ""AEZBRJV2"", ""UBT5C8MG"", ""KT6GFQ2Z"", ""1TKI9Z5E"", ""ZCPLRHBA"", ""Q18XPTIZ"", ""RUJXLIC7"", ""8T086RPM"", ""GKDB31RC"", ""9JODRKF1"", ""ZOBVBAPE"", ""9XZOO5TM"", ""68G8MFUS"", ""PEDCSXYJ"", ""BNGKOMOS"", ""MJLQ0XJM"", ""BYH2LPTA"", ""QLRTXGQD"", ""EO8GD07J"", ""DCC3VYXP"", ""UYNL9XA2"", ""HW7FFGO0"", ""UBNR0OKM"", ""KUQI64JT"", ""TWAVNRBL"", ""KFYMZDAJ"", ""VUODG2UV"", ""MCZNOKBS"", ""TUYLNNEI"", ""DPFKYSQB"", ""UCWFI9XB"", ""YFXWY4GQ"", ""SBCCPOO1"", ""W1NJZ82Q"", ""A6BHZE4Y"", ""C6EU5WOP"", ""Y1DPOJMF"", ""14E64JOD"", ""NCVRXYV9"", ""GGY4ADIC"", ""LVAFCJZ4"", ""IW15VFWR"", ""AF2P3XQS"", ""A8DYBJIF"", ""8QWYUCFW"", ""UFSBUUGN"", ""YWNXU79W"", ""BPDQYAIL"", ""SPTPGAXB"", ""PF1KQ5XH"", ""WW88DVQF"", ""GTTS2AVE"", ""5EKGTMBA"", ""JZDLLUY8"", ""O9066HNG"", ""ZH4AL45Y"", ""DEW3MWPI"", ""HWBVELNM"", ""XUXEKJOR"", ""Z3VXSPB2"", ""YMI7N3EF"", ""AWW9XKKN"", ""969KZNGM"", ""5H4J8XGI"", ""XZ9RHHWZ"", ""NRYSYKH5"", ""JEWQUEIQ"", ""1IHOT9LB"", ""99PSVDYU"", ""4OR847HC"", ""M4PJYOH5"", ""C3QCDTKK"", ""THLQPDJS"", ""JSWWTHHF"", ""H9P8PXGA"", ""ZQCRJOSP"", ""Q16SC6VD"", ""FU4T8E7H"", ""AFHDIKP6"", ""LVPIF2Y8"", ""ITPFR8RR"", ""4IIZ0YQH"", ""UM6GLFOO"", ""DIJNIEZJ"", ""JUDJN50F"", ""HBOCHSCV"", ""VOJODQA1"", ""JLVLUPUE"", ""OPB4JHGZ"", ""PFDAKJMW"", ""PN1THTGE"", ""7ICFDUP2"", ""QJM4OBFN"", ""6VXN6KEZ"", ""2MPY9Y6C"", ""PF7WSN46"", ""UPUGVUC1"", ""AY80D7CF"", ""Y6GKWNDT"", ""SMM34EDM"", ""UMJHJUUB"", ""UFB6DRWP"", ""ODTDRFC8"", ""P6XM7TBB"", ""Y1DDDK2N"", ""X9MM6USE"", ""NZJ9G0CH"", ""MSEQVU2H"", ""FBL9CGKX"", ""SBUHAZD3"", ""MHC9JSYY"", ""JRZOETDR"", ""AZW8DF0A"", ""KLBPFUBT"", ""5UJAQQ6I"", ""QBOXTMUR"", ""CINCTABG"", ""OSKFVOSP"", ""XD5VG3IJ"", ""66S7EAJF"", ""IP8RQGBD"", ""RQKA7VHI"", ""CEDFICGF"", ""IHR6HWZQ"", ""X5KJJEVM"", ""8TWYUNGC"", ""NAP5VD8J"", ""MANLLCND"", ""SITZU3GH"", ""TBJTKCD4"", ""C5KYI8WO"", ""NKMTOCYQ"", ""0XNQKN7G"", ""8OV158BC"", ""KPI4NNJR"", ""GVA225PP"", ""JKIJLCWH"", ""ADBTUUR9"", ""INGMVMTJ"", ""PK5OSPXN"", ""2XTLBA3S"", ""QKQ9VQ9M"", ""FIT4GGZT"", ""NKALKOEE"", ""COPGKCEM"", ""UZ5AEU28"", ""HR6SXORT"", ""R0KMLCEH"", ""CVMGR8WE"", ""5DRNSAQY"", ""WGTBL5O5"", ""6RRSUCT4"", ""TSZGFXAI"", ""IV7DCYXD"", ""XFOMAWG3"", ""XJZ7LTA3"", ""TK4IB3A3"", ""EUSAIZLJ"", ""BXX5SSHN"", ""GS8UBDBZ"", ""I29N0SD7"", ""RV21PMBC"", ""HZHFSLXN"", ""FQKRODGJ"", ""A4UEW4X3"", ""9GZSB1HB"", ""ZXZ0I5J6"", ""B826ZS0K"", ""P5VUOCRE"", ""H5MTXRQK"", ""E0D8FSQU"", ""DRKF8KRB"", ""QKNFCI7S"", ""SERS7QDX"", ""RRI3DSYL"", ""YNMES3KB"", ""ZTXGCG3O"", ""EGTP3ZIB"", ""ZQV8HHQB"", ""KZGHDUJ6"", ""BEVOH4SS"", ""PKAODOMF"", ""41D543AF"", ""E6ZVEACD"", ""G2HMWZCG"", ""MG6ZGBH1"", ""JWU6CHGS"", ""MXZTNTX9"", ""OBGTVJME"", ""CWSFLYCZ"", ""BEI8SGLB"", ""9RCHTAVS"", ""GIQJZGV8"", ""SOJNQL2M"", ""QSZY1VCV"", ""MFZCYMLQ"", ""NT1W20AB"", ""O5UXRAT0"", ""PGSDR0HZ"", ""LYYQ0IZO"", ""KMICC4IX"", ""6NZONTDH"", ""VH1UXVBB"", ""WBVFZX51"", ""ENJD3ND4"", ""OAQQPZIN"", ""GGYZQ9RL"", ""6WNQM4P6"", ""PEO2RQWZ"", ""88WVGMQF"", ""R8LSVAGN"", ""K2YZT0T9"", ""ANIWQZKL"", ""K5SS55IP"", ""LUTSLIKZ"", ""XDTUNBIB"", ""PICU6JZF"", ""N8GJ9WBO"", ""X7YH0IND"", ""EBT0WQ1Q"", ""QURBCKOL"", ""FYFRAH9R"", ""ECXZEQCZ"", ""NPESISUB"", ""9IMOOQ85"", ""S0YEV1SW"", ""GKW66DNL"", ""NSHJQNVG"", ""IOWNONCE"", ""67COOKVE"", ""ML2KKUTM"", ""VQPSZYTO"", ""X1YMOWTG"", ""QU2JCT4L"", ""5MZ3I0HD"", ""LLTRTMM0"", ""WHFEFGUI"", ""YMF2OYU4"", ""ZJYTHKKS"", ""DONVON5P"", ""VMQU1LTF"", ""HQI4FLYC"", ""NKTNRCRJ"", ""TONLFLXA"", ""8CL4SSNH"", ""YE3NYFWJ"", ""CTG7EJT8"", ""CWLL8EYE"", ""7X5BT9GD"", ""ZVUSHLOB"", ""PKN3I0RY"", ""QQMAMLUC"", ""NNFYES73"", ""DXELOSJO"", ""X0HEIZFW"", ""BUUTGCKT"", ""T6WTFNVC"", ""LX70YID3"", ""ZK6E1LHV"", ""XMTP5OXJ"", ""KLVFKZ0P"", ""ZTQW0ZTB"", ""DLUICBHZ"", ""AWDRBRGD"", ""3LNUIRIH"", ""MSGP8CJJ"", ""HLGKI8BO"", ""7OLC8ABZ"", ""SVZPGUHP"", ""YXT6QWLN"", ""C2NPYBJQ"", ""01F4WQG6"", ""MCZIGD53"", ""1EXWPBQS"", ""1F12JTUW"", ""SWK6CDEE"", ""LYISTVX4"", ""XYICX0YH"", ""EE4AQMKE"", ""93DUX2NF"", ""TMDRNBVE"", ""EDV5KVSX"", ""HXY0IYSY"", ""ZHW02WIG"", ""8CVZAN6A"", ""PV7KKAKE"", ""GKF9QC0V"", ""LFWBNMY9"", ""GXS0AVRD"", ""VSGVXUJG"", ""M56P680Y"", ""OHKKSE9F"", ""5RXV9KPH"", ""KNEKAXKB"", ""6FL0MNG4"", ""EXQDWIET"", ""QMD7TYA7"", ""U3JFLGZB"", ""E0ETE2S1"", ""KTDJXUVA"", ""ZCSHRQEA"", ""H5YNBHZ3"", ""K78WAZFA"", ""6H9X43NJ"", ""RGSZGPIE"", ""GLHAUMPH"", ""IH7ZMJWE"", ""XCIHDGHW"", ""FFN65QCA"", ""4PYZZXWW"", ""TDU9O9V8"", ""J3AKL5HL"", ""OXTUJFQI"", ""LXNGVLZK"", ""7Z9ADUAL"", ""P2CY4LLG"", ""FVGWHDR3"", ""VEJQYYEI"", ""S8OGSFRB"", ""GCSSUZRY"", ""OWUTKESW"", ""0O8N7XC8"", ""BOVYWGHK"", ""MH4FFT44"", ""QPNZTEPI"", ""EBBHP78V"", ""6KL0SV6A"", ""KXCKAOIB"", ""QBIYUK96"", ""LVXYNDI7"", ""U3VP0LQU"", ""G3TMSEGH"", ""FVN0S8XE"", ""XP8UDOWC"", ""D8FN6W2A"", ""AQ5LCZ8Y"", ""COTTSPHZ"", ""BA2IWSVD"", ""LQXNTAYB"", ""LYK5LEU2"", ""JC2BFYVS"", ""SB3BBOAR"", ""LXEUPSXK"", ""AFPOZ67K"", ""2UVAJSNG"", ""MK8RBGXY"", ""FPO5RJD7"", ""EQTQEWJA"", ""OBAFEEN4"", ""17LW28CA"", ""U9M052XU"", ""AGM1P76T"", ""SRXQHZTJ"", ""WMTUPPT0"", ""PGGWGIUB"", ""FBOMKZXP"", ""VY7WM0IR"", ""XKBEWGHR"", ""FHDB5KMY"", ""ULAYKXSM"", ""JALGUIZ7"", ""XMSZEIXL"", ""JE2IFAL9"", ""8UT663MU"", ""EDZVTMDW"", ""QMVKQL1V"", ""FTMNDXZ3"", ""WMYWNUFF"", ""TNYOK9NC"", ""RKB6QUJ5"", ""AQKMNUJJ"", ""35POBLXF"", ""9ACY6CBO"", ""PNT1XKAG"", ""RFMOYRD7"", ""UPC8PGLN"", ""NUQY0JCE"", ""BNKOPNJS"", ""LFWVHJUI"", ""H6GZNLZY"", ""5T8PYK48"", ""EFSNYYYR"", ""MRMGBUOU"", ""NCTEEWAB"", ""Q9KZG9GG"", ""HMWY4D2T"", ""C7LGUPPL"", ""JQV5C4BG"", ""RG1NJ1M6"", ""7F7LBFXY"", ""4CKN4AC1"", ""X6O6GXAM"", ""LVDIJHCF"", ""SSDCVVLT"", ""VXOWHZGZ"", ""YJ2U2KRV"", ""SS7GS62G"", ""QOPXRKUL"", ""NLE9OKFY"", ""8JN5WWUE"", ""RBXZLU7O"", ""5L3VFOZR"", ""A5TMHFNX"", ""KQJ8MA4A"", ""YO1OTUJK"", ""5IHIOBGT"", ""0RADUQB0"", ""D2WJKQNT"", ""Z1NKA5SZ"", ""AM8MAVBO"", ""XMOXSJXM"", ""5PCAVKPA"", ""RK5YOAWS"", ""OJTQ8YAH"", ""DF1U1OBF"", ""PJCUKZRZ"", ""EH7SIWGY"", ""OEK1OPCP"", ""YMP4OZU3"", ""AXVPLDMS"", ""RPNIGXIF"", ""09RGGD8P"", ""MD6N1PAH"", ""CKG8SUFB"", ""CJWNXU2F"", ""SAZWJIQ1"", ""DKDRFGZR"", ""WNGLGSF7"", ""KPLC4PEU"", ""YRWJCVH9"", ""3SHB5FOH"", ""31TO2DZV"", ""X4AOB2RM"", ""32QOMJ4X"", ""IIQB5RNL"", ""YDMGBJV0"", ""T5QNZKAV"", ""OOGVSYUI"", ""UMDICP59"", ""NLCLDZY9"", ""3SFWQ7GK"", ""GDI5QYOW"", ""Y7DKTFGF"", ""ME1Q1VOY"", ""R9AUFDWW"", ""HJQB8OGD"", ""82YFG9VY"", ""HKJE0KSJ"", ""G2AHJJGF"", ""0NNIIPKR"", ""YZSCHRBO"", ""HKE9MMMJ"", ""HGFNRMU5"", ""FAWDACEN"", ""LAXWLW5D"", ""MOMKALPV"", ""Q5SNY6IM"", ""ISBYTFGB"", ""D0IIBYVK"", ""Q0EZFNMZ"", ""NPOEDZO8"", ""ASV0TKW3"", ""A2OKNM93"", ""MZHJMA6F"", ""FEVCMPST"", ""PGZMLLUP"", ""GDNHPMR6"", ""GRYVMIL7"", ""JUIU5ZHE"", ""EPRMEKXJ"", ""8CLDO9VG"", ""CX65AY7L"", ""5X8CB6RX"", ""1MNAIFYS"", ""LJ7Z1ILM"", ""HVNJPMNW"", ""2GPXEQXJ"", ""QBJJ3MID"", ""R5QWPCXV"", ""YXFUW1B0"", ""SZNOQD48"", ""GF9WW7TQ"", ""C0Z6XJNL"", ""5SUNKNIA"", ""JRCT6RWK"", ""OULB2GZE"", ""LBMKVGNK"", ""AIWIPKUD"", ""XOYH3D7S"", ""AWUUAAHC"", ""PJC0DL71"", ""TZST6KTP"", ""TAA222E2"", ""HW3IBS4Q"", ""DDICAUEV"", ""0HKAN66V"", ""GFWZ5OND"", ""VOKWGDLK"", ""JAZZWS7T"", ""5OYIZWUD"", ""6DQ7X3IL"", ""TAPWMXGT"", ""Z0Z7RKS3"", ""FBKC0QH8"", ""U7P7X1RW"", ""RH3QQJ1F"", ""YG2HQKHW"", ""UROIACFW"", ""TVZU90CG"", ""LRASVZDB"", ""DWK8VN45"", ""B4RYKUIE"", ""PVASB7V6"", ""LA64MXOS"", ""BNLC2EY6"", ""M1CJZQAS"", ""GEEYBGCN"", ""0I9V7UWF"", ""FWEMBJ7I"", ""ZXFBODCX"", ""KLHBSAPT"", ""QGGHUPTR"", ""GJJKRH1W"", ""YNB1MSJM"", ""SSGWCYIN"", ""O4AKD5CN"", ""QIUJA2I1"", ""FS0RN1DM"", ""VI9ASXUB"", ""JLLI78QU"", ""VGYSHJAC"", ""UJBLNCY3"", ""U6L0R8N2"", ""7SQN4HMZ"", ""H9FND83H"", ""AG9WSUCX"", ""S4OFJGSU"", ""MS9GOEVB"", ""CNJVPQWW"", ""8TA8ZMWZ"", ""SZHTRQAK"", ""CQB4YVHB"", ""MT1LA0Y4"", ""DZILRXHG"", ""AQKOMCHB"", ""RMHKBC3G"", ""6RTZNTYI"", ""CLH9BBSP"", ""FLKZKDFE"", ""7U0JCZCN"", ""IORBHSMD"", ""GTYYEORX"", ""17OWCNCN"", ""NAI3BYWN"", ""PP57YW0G"", ""GGP8GX9M"", ""6AWIXWDW"", ""K9CYUKCF"", ""Q55ZVQE3"", ""RU0NGS7Z"", ""H5N6MHHV"", ""R5PLXGSS"", ""2LDCSAGP"", ""IWSJPJWD"", ""C8ZDUVLT"", ""4XSYHFYF"", ""4BXBNPAU"", ""UYODJ2HR"", ""I7U4VXUS"", ""NHUITQU8"", ""TPPIJLMC"", ""HC6YJMHB"", ""QJ3TJRHC"", ""25X5MIYZ"", ""8L5CKHUM"", ""WOXHKIOZ"", ""8BKYOULG"", ""9IOAYS5D"", ""BBHSUBST"", ""9RWKCHZJ"", ""XIWNZCZS"", ""JYKWJYMI"", ""4VG71AG7"", ""NWAYAG5Z"", ""R7LXKXVJ"", ""3PWCTTQC"", ""EPKVIIYR"", ""CAP2V9ZA"", ""OPPJBHTB"", ""9YA37TCI"", ""XN7IA9R7"", ""7NQZQYQO"", ""QLCOQLTJ"", ""CFMOKBY0"", ""KTZF5PB6"", ""BIGSPB6Z"", ""IZWBJSJF"", ""VIFZ9AMY"", ""GGR8L41P"", ""XWCYXQ6M"", ""MLRFSW8Z"", ""HN4JVCAM"", ""6YTBXBNJ"", ""KKZGFY3J"", ""AFIPDLVW"", ""DPZ8KBMG"", ""GGBNTCLK"", ""G4TKNJBS"", ""BGNBB7OQ"", ""OYSLYTRP"", ""PD6W9TZH"", ""PO9JTFSP"", ""ERDHKCOL"", ""PVG6PQUD"", ""VFIGRF3T"", ""EB0MH4US"", ""GL6W8RMF"", ""LSNMCX3U"", ""CRVM34YB"", ""IDCFASSC"", ""EMMNMNZZ"", ""JPVCO9GX"", ""NSUKYHO7"", ""B02DWDMD"", ""MJ64H1IN"", ""Y6AJDBDO"", ""BWQ5187F"", ""OJFVINUC"", ""Y1OQD7QO"", ""3OFNPIWF"", ""V29AMVV6"", ""CNJOEKPC"", ""M4QNVXFW"", ""I06VME0M"", ""HLGCVIFR"", ""HBIRJ2VC"", ""PFC1HCF6"", ""SXD9JGQZ"", ""YIPIOBSR"", ""WIGXRZOL"", ""WORDDFZS"", ""XUASBCPD"", ""UGSP0WIQ"", ""GYKMZ0MO"", ""N498X6GK"", ""PNZLZFHM"", ""IOSDAEZT"", ""ZMYHKXTZ"", ""NWXJOV93"", ""HNX7P8DG"", ""1UF82YBI"", ""KWHCZ82W"", ""XIEZUND8"", ""2BUMY2RF"", ""AKPDPUXD"", ""KBY42A8M"", ""GVYDUCQU"", ""3YIEGPJ8"", ""BRDH5WU4"", ""0X4VQDTF"", ""7FSEZJPS"", ""AEGPYXDS"", ""PT4XA861"", ""CTN6K7KV"", ""RLSZ5PP0"", ""PB0TCSGA"", ""FFUPCEOD"", ""DPCZLLYH"", ""JNBYU3DU"", ""ELNRFRJR"", ""YRIMMBOE"", ""6FIY64KN"", ""DFK1TXJN"", ""PIPS94A3"", ""U11OADRQ"", ""SD7VHO7S"", ""BQOF2KMF"", ""SI1HIQZS"", ""23GBWEHF"", ""LMIPDJRG"", ""RUW0EI1W"", ""XSHXSSHW"", ""I5M8APSH"", ""LLFXPNKK"", ""L39OLMTP"", ""6IWAEB3A"", ""WMZHPKLC"", ""7NEAEYJQ"", ""QAWAIVSV"", ""UAVQFT2A"", ""RVY43MIR"", ""OYS7UPHG"", ""0Q76JLAM"", ""JVSRVKQK"", ""E7IEAX0U"", ""VOWSJRWE"", ""KGOKJD9S"", ""ONTLDJY3"", ""9WYCETSY"", ""R7YZZLT2"", ""YU76UPQI"", ""L5PFMD87"", ""ZJ4RVXFG"", ""BC2YVQIV"", ""BWFQBRLJ"", ""W8IENUEB"", ""YGJEBHDJ"", ""5RJGWBPV"", ""KPVLKNJV"", ""CLO1KJ5N"", ""4K2YTYCU"", ""MNCQIOLU"", ""AK8CN35I"", ""MLFLK4I7"", ""PMMAUW8R"", ""ECJC5P76"", ""BAVBJ2GB"", ""94DYNN7P"", ""LEU9DLJJ"", ""WDLZCPQ3"", ""FQ949NCR"", ""N9YFRU6D"", ""QGDTWJEQ"", ""6CDK1588"", ""T4OGZLTF"", ""5USWERG8"", ""4IH250XP"", ""KTJNJRVY"", ""YFOT45HI"", ""Q0BBIDWT"", ""W55EBFNM"", ""OQAFRD1D"", ""JGC40QIZ"", ""THPZ9769"", ""HO8VSTUH"", ""EKGV9G5N"", ""FAHKA3X4"", ""RQEGBUMF"", ""POB0NTNZ"", ""Q1GMSMH5"", ""ELGZEXVI"", ""CVDBPZXV"", ""RCYANVVC"", ""IMIOKJOK"", ""JXRFGMQB"", ""LXPHR8PT"", ""ZH9MJYXD"", ""TMWWARSI"", ""0ONS1FOL"", ""LIWO8UHX"", ""IUOX5AAG"", ""70NUEIBY"", ""ESCKA1NZ"", ""TJHADI6J"", ""UTFPAMHZ"", ""HBPYLZDH"", ""35CWFGPR"", ""XLFNNMPS"", ""LFVTX7EH"", ""3KYMRR1U"", ""3NYNET1G"", ""38ZJRP9W"", ""SDWBWW0S"", ""MKR37KO3"", ""TB9KFGMK"", ""2PVNMGFH"", ""NDFOKFDO"", ""JDGMWHMR"", ""2OV6MPDI"", ""CE9QNLRF"", ""KPB4LYYT"", ""BYQEEYKG"", ""AALGCVRU"", ""2PQMWFNP"", ""4XYQDMYF"", ""HUEN9PCK"", ""5LPRKYOS"", ""YDYFWPOG"", ""JA9YIQLQ"", ""B5WGVXXI"", ""TRMK8YIJ"", ""X31HRUTZ"", ""OLGCBUJX"", ""XH12AWFU"", ""XUQPSPYG"", ""LKYOHFUY"", ""WDE1T0OY"", ""MI778DS2"", ""60VAJDDQ"", ""CMAHZ9QI"", ""XEEQ1MVB"", ""JEX4X0RD"", ""T15JQY56"", ""ZPBSBKK7"", ""IJGJOOME"", ""MVJJNNDV"", ""QIDPHRMS"", ""NBTIYISQ"", ""UWTQEIPY"", ""SSDCAIWP"", ""BI1THNNP"", ""QR6CEHGZ"", ""CCK7O2IP"", ""7HR0BDHU"", ""SOVWQVK2"", ""YIGL68CJ"", ""AG6USQV4"", ""FTNXKEGR"", ""K8WHBOAO"", ""YXNCJHMB"", ""IJNNVQOP"", ""ABHZ0Y4U"", ""QGXYAQ4R"", ""JSVM7SZS"", ""LC7LCQOM"", ""DHGMSAHN"", ""XWQD61AC"", ""AQCODJA1"", ""72ZLTQWF"", ""LBC3B1DT"", ""8BTFBLP6"", ""TQYXMDZC"", ""9J16DWB0"", ""AC7QLYAQ"", ""4FQVXFOC"", ""HSILH6I3"", ""LHAELMFW"", ""9ICFMJH2"", ""S5L4OSX8"", ""ITUZHQMI"", ""NPZ2ZKPA"", ""ERX5ZUPR"", ""Q9BLRUB2"", ""0SPGJYRX"", ""G5B6MXGV"", ""KUCXUDVV"", ""1WH4YYVE"", ""O2IJLAYX"", ""5ITONQER"", ""SB4EOYBB"", ""WTJXTX0F"", ""ZBGXMMDW"", ""36VMX9JW"", ""YZCBECTV"", ""RKWBC4AE"", ""SX0YZYW9"", ""OQJB3K8W"", ""FGIU8FP1"", ""FPHL4DQB"", ""BEURIIF5"", ""N4QHAOJX"", ""9LVWQGGR"", ""ZEQ77TLQ"", ""ARWQMDEX"", ""BGEIO3SY"", ""OYWS69QV"", ""6DVLGLW2"", ""WJL6MZWQ"", ""FBOCKHHO"", ""9CLRMZ7L"", ""ZRWJPWUW"", ""F60OE3WF"", ""Z4TGY2OX"", ""OOBOVAT0"", ""5SYRD811"", ""FOKUTAVO"", ""HHSF1BZY"", ""VEA8L8ES"", ""MHBZHYRV"", ""95ZOXCBQ"", ""O5KVG1NA"", ""4RE4MWKV"", ""OEVCHVLS"", ""MLZYGUEM"", ""UHY4VMQB"", ""JNLXP9K5"", ""PRZCEPWI"", ""PGFP6CWL"", ""LXPIMLZW"", ""V3OONQYQ"", ""MGRU6L0R"", ""IYTHPBNI"", ""KO44TBR0"", ""PE6YQITH"", ""Z5366CJ5"", ""BRLMP005"", ""ERZXSTEF"", ""NAEG8EPD"", ""RAFCLVX4"", ""CHYJEW6W"", ""5BM7OKWA"", ""WC01BWCZ"", ""F63JLPCJ"", ""OXNQUM3Y"", ""XEVCEBPO"", ""DNXDZIZC"", ""KBTPDOW2"", ""DRNYVU4G"", ""2L4S7LJO"", ""T95FVZH2"", ""VZ6VIVZX"", ""XRWDOQEW"", ""L5XSEBWK"", ""MSMTXXSU"", ""PNVZSQAZ"", ""LSJOUNQF"", ""XWTCQCRV"", ""YHWTNEDZ"", ""CM8S6BHW"", ""DG59P4YM"", ""MVLRZ3QW"", ""XXGWBCBY"", ""J6BGL5QS"", ""SMOJ0MTF"", ""UMMCQLIO"", ""2SJHNSH3"", ""NTGKXBTI"", ""KKBMSKRO"", ""AA91M9CY"", ""O0HYOUJM"", ""E485KYES"", ""FJPQVFAK"", ""JM8JQQGF"", ""PLF4E1JA"", ""0TAAVYCB"", ""71LBOWHG"", ""JHZEG3TV"", ""KQKPTB9C"", ""N5UYBWBE"", ""CDDMRV2L"", ""WX90CTPG"", ""PG187E2E"", ""B1BEPDMB"", ""ZWEVWHVB"", ""QH1SJB8I"", ""X04FGGNZ"", ""RAXXZSEZ"", ""7UTBJNPI"", ""ZUIFAPQX"", ""AIPYXIOT"", ""JKPFB8YW"", ""TGHDZ1KJ"", ""WIG0XJ0H"", ""W422WEGG"", ""ALGFLZGG"", ""EFKMMSUU"", ""RYXFV13K"", ""NH1BOLHO"", ""QRUCHXQW"", ""IQDYMJAC"", ""QU5RF8LA"", ""06HLGCVS"", ""5BZBZLV1"", ""0DGQU4FZ"", ""PF6LORR3"", ""HQYWHVQO"", ""DATMEBAJ"", ""HVPRE2CB"", ""6NIUSALB"", ""FFBFKCXE"", ""JRSBLARD"", ""WQVUSEOB"", ""UXKKQH5J"", ""FOFQTAAY"", ""WINR3QAQ"", ""WNPSSCMH"", ""RP5YG8PP"", ""YK4HHTXU"", ""VCNJYOHT"", ""XXGEOWDD"", ""ZRFVT21I"", ""ZEFMT6VC"", ""0BE165PB"", ""HORAXHCX"", ""BUYNIPY3"", ""WMWZBWWR"", ""D3UFPM8W"", ""KMEXAIIM"", ""OJT1IUPZ"", ""KJXMAXQL"", ""XYD3ZQLT"", ""JZCHXQDX"", ""AVIORWPJ"", ""6PKY0WAS"", ""Y4QYBWMG"", ""N2SFW01F"", ""HULPQQ2Q"", ""RCM5TXSA"", ""UBVQDSLH"", ""CHGP2DYS"", ""ZFBRPFPB"", ""EMJFCM2J"", ""C7URB7B8"", ""88KEOJ1E"", ""HISXYWXN"", ""HJQQZIQB"", ""WFCUM8E5"", ""KHFCCMZR"", ""YC54P29I"", ""5DESIL9C"", ""7OOM8WDW"", ""ONECGWM6"", ""TPWV2MN5"", ""KVASH1CL"", ""QI1IFRGQ"", ""L04GXR53"", ""WWXDEB1F"", ""JHJIS7HK"", ""JLZFL58B"", ""BR4NYIHM"", ""XJZYOCQM"", ""DYOCYGFZ"", ""XSPX5OYV"", ""NDGBFODI"", ""6UCKJRCB"", ""N3K68ZNY"", ""JJSXFSOF"", ""CDVZOYPD"", ""IJSSYFIH"", ""LOE7MUGF"", ""G5XLZ36C"", ""4ZEO5HZV"", ""GHR63MTW"", ""RATAPMV0"", ""ZFE0WWWW"", ""OVQ3DTTM"", ""RJVJTDMS"", ""4MMDS8VB"", ""YLHLI6DH"", ""BATMI4HG"", ""6GDTHMPM"", ""AE1X7PFR"", ""UJL5ZWSX"", ""XZMTTDUV"", ""CJDZ9GPC"", ""JUJPOGTU"", ""QC1ZCRMA"", ""UP0F6H0E"", ""HINRAZNJ"", ""ZTUETTJO"", ""YCYYQHRS"", ""VH1NWJXZ"", ""0WAJ3DFK"", ""OEBVDMFS"", ""W7NVRW12"", ""7DSA47MH"", ""9TBI9EP4"", ""QQUWIFOG"", ""E6VFF1IZ"", ""YMELH5DN"", ""SIHFNJKC"", ""GRE3RZOS"", ""ICA9E5ER"", ""QKHQTSQE"", ""FYARFOY2"", ""FP1GVX0B"", ""9IJABXM9"", ""SVWOBMU9"", ""FEBCQBWB"", ""843AWFAB"", ""3QJM4IN0"", ""1BV9WWIU"", ""YOQIXMOL"", ""ULA4E0LY"", ""S32CISB2"", ""RARZAZYZ"", ""OGWLMS81"", ""S2VPTGDU"", ""JMXQXBBK"", ""UVNQQX8N"", ""SVYURKV6"", ""GW4O9WPN"", ""HOU2EB5J"", ""3MWD0HMQ"", ""05IGF69G"", ""3GTXWT5C"", ""JK24J3AB"", ""RWEMVWFR"", ""F3WU11QR"", ""SNLEWZPS"", ""XK1I6ZUI"", ""NPHW8NQQ"", ""DVXBISFJ"", ""VJHOT6AR"", ""06KWGLZX"", ""BS7I2RNJ"", ""V9BYAXB4"", ""TSSLM6TP"", ""IA5BLMSV"", ""QRDJRSAV"", ""GSDVOULP"", ""CV09IFUX"", ""1IQ7SOP3"", ""HXUQFXEQ"", ""HTSEQAKN"", ""SBOU2PMH"", ""QPRYYXGJ"", ""STLJJLLI"", ""LFTXMGZM"", ""NZIFQU6E"", ""XWL0X4BY"", ""WB2TDTPQ"", ""U6IL5T8H"", ""ROCAIZ1X"", ""HYQBGSQO"", ""VSO2DQE2"", ""JQEZN78Z"", ""TWRMLNF1"", ""6R31UINE"", ""FE8TKPU1"", ""AU2BCEOS"", ""AVHEKV8Y"", ""8O832GQO"", ""KGJ02ZPC"", ""D0TFDZZX"", ""4SUGIFR5"", ""06KWXCHJ"", ""UGHZUDJ8"", ""F069GGV4"", ""OKFTXYMB"", ""EROIGRWW"", ""CVJOTGQ0"", ""J55POPDB"", ""CRIIB6NG"", ""VX0C8KF9"", ""FKGXJGMJ"", ""KOIB9LMM"", ""LDEQSPIY"", ""D2WIESA9"", ""UHATIHUV"", ""OUXY13I4"", ""BFN6PHSD"", ""IYO6UHRO"", ""YZCDD9HW"", ""47MSRPQX"", ""OQGTHMXS"", ""LZTVALSE"", ""7YFEZ644"", ""FDHVWLGL"", ""XTPXEPFS"", ""CRNQ6JAQ"", ""GHIZEBBD"", ""X5JZQFGY"", ""HOYUM24G"", ""G0HFDLDX"", ""92EPC2RA"", ""PPUV2W79"", ""GMWD47JU"", ""FTJH2M9E"", ""0N0HX118"", ""EAVQYYM9"", ""DZBVBWOC"", ""CCBKO7XO"", ""ZBLEIFCT"", ""NWF6AEIO"", ""EWXBPQ4U"", ""YSLBDUA1"", ""KKQW1VSJ"", ""CFR3HGTA"", ""EZE40XS1"", ""B3DLY2WW"", ""J65TYNAD"", ""1UYGWP6D"", ""6QCDSLMG"", ""BNJQ2N0N"", ""TH8LV5HF"", ""6PPGC4WV"", ""PMPUMROC"", ""BLNVWUR1"", ""UUZV9TIY"", ""7SMWCDE2"", ""MB3CFRHR"", ""X3ZSHIBW"", ""YWGQZWPF"", ""XCDGNKJU"", ""WHAPWLJ8"", ""IKFIWIDF"", ""H8GVKZNK"", ""4WSXUXU3"", ""9QX94NGN"", ""WEPVKFV1"", ""RVYFUKDT"", ""BCMANRMM"", ""VTTVWCEU"", ""NJHYYQ15"", ""S7XNYKPO"", ""RAS3O3NJ"", ""VOCS06GR"", ""2SGH9FMU"", ""XQ8VUHKZ"", ""GNOIE4RD"", ""UOBBNO2Z"", ""YZYORH2P"", ""EY1JKC9U"", ""4USGMQGS"", ""JI1JSRXL"", ""1QQPQQSE"", ""VSFPKUWX"", ""Q5FOQOXK"", ""L6J9V2TJ"", ""OZIJRF1I"", ""5CBCMOXE"", ""V3FXTU2D"", ""4RUZWDPH"", ""NEO5KVCF"", ""A3K3YZMR"", ""0P2ULBOD"", ""AFKQJPG5"", ""IDGVKGZ0"", ""RSHBV8L3"", ""JYUBUK7P"", ""BYGKPTK1"", ""U8Z7BHVV"", ""OZIG8JD8"", ""C5IMHGMX"", ""T74JVYTB"", ""0RHOWVE4"", ""DPJKXAKE"", ""12TBUJTB"", ""BCA58FGY"", ""AN4DVJ5D"", ""3KZQGVR8"", ""KXS9NSPO"", ""YIBFFFSY"", ""03FUUZQ2"", ""NNNVD2I4"", ""JNVNOFXT"", ""RK4YROGD"", ""Z0TAQYPE"", ""619ZVF5T"", ""MLCBEXEU"", ""IOV9VQQW"", ""RET1ZVTU"", ""LLQCXKU7"", ""WPOGWLDV"", ""SEBMQUZO"", ""MJX3CG7A"", ""EB4LFSHJ"", ""4WPQAW8J"", ""IKMH8U5G"", ""YJIPK5LO"", ""5ZN7CH2F"", ""FYJWDDWO"", ""AHCGIJNL"", ""IVIJZ8Q1"", ""Z23HBE6Y"", ""9OKVIRGT"", ""4R8IXX6W"", ""ATC5HYZS"", ""0ROTGOKY"", ""WX5F9VHK"", ""WP7WMS15"", ""TAHARCPA"", ""TIHJ8JMR"", ""QWCXDELZ"", ""ZHIVNY6M"", ""IQPYB3Q8"", ""TJOM0EYW"", ""SJBLE5UL"", ""LVNFIOSI"", ""AC0XGFFW"", ""WHQAT3FZ"", ""PSKTZGZD"", ""Q4B9XF1P"", ""R5M1ZDOD"", ""QJF2AKN4"", ""1VACLE3R"", ""XMRPLXT9"", ""JXJM5D5T"", ""VLDWQSCW"", ""OB85OWLN"", ""PLSTBQLM"", ""FFJNHS72"", ""QKLIXXJI"", ""ZAN3DMTY"", ""BDXGRHKX"", ""ONOYNAZQ"", ""UPKVWZV2"", ""IFEBXVYZ"", ""D37EQJ9Q"", ""4AAZFBOD"", ""UXYU4YQY"", ""NPZBJYJT"", ""5STOGWJS"", ""JXTCVBAJ"", ""X0OKFAU3"", ""817GPVFF"", ""P6ANTEFW"", ""VCHQFXOC"", ""TPFEU6ID"", ""IK5ULRGG"", ""T78JYNWC"", ""BBT1BQIO"", ""KVUPEUAV"", ""7PVTBGE3"", ""JNXNKYHF"", ""XXDNWRSE"", ""FRPFRBFW"", ""L7CJNKWF"", ""AY1PC3JE"", ""NARXECDM"", ""EZVEX13H"", ""ELUDHD3I"", ""9KLVNFOA"", ""5WODQ3VG"", ""MTNYA893"", ""M6ZDPE6Y"", ""RKQHX5PI"", ""A68LHD2R"", ""RMOIHRIJ"", ""Z8MCWYGZ"", ""OVSA14MP"", ""CJSOAESQ"", ""3OXQNJMG"", ""D2TJFYYF"", ""VOHLISZF"", ""XG2EHXD6"", ""NINV6NDO"", ""5W8ZWSUK"", ""3OSVZUU9"", ""3IEGNKLL"", ""JXFEZYPF"", ""Q6IMQBEW"", ""BTWBE8OK"", ""9N8ZJG2D"", ""OQ0YSONM"", ""E34SHVSR"", ""ESKEIOJY"", ""Z1NSMAKA"", ""RD3AUBSP"", ""ML8IGHB9"", ""097G0OJI"", ""KJVUVRPA"", ""DAVFGXGK"", ""LIIPLP00"", ""YLLTVLUI"", ""AHRGUD9C"", ""ELWEUHFO"", ""EO4KUGKP"", ""8NMRJIVO"", ""E6CTYSQG"", ""N7QRM2RS"", ""O0SV8QWN"", ""7V3QRECO"", ""HEOG1SSL"", ""VW1WIDAO"", ""MBAJR1VP"", ""LW4EE3O9"", ""JZRVDQAI"", ""X2TWXNS3"", ""CLB0ME69"", ""5AVXFLS2"", ""PYUPBW4R"", ""UF87TM76"", ""XKCAXRED"", ""DYAGICOY"", ""Q5VQUG61"", ""MBSXPJAD"", ""8HJGSJOT"", ""68KDDWLA"", ""OLIVYN4W"", ""H0JMMXDF"", ""JLBHU7MN"", ""9GZQ1XPH"", ""A4VL3YEF"", ""V8ELSGL6"", ""PODVJ3ZQ"", ""634OISOH"", ""BYRCNBBS"", ""ZW7FI6ED"", ""4SCXMC2W"", ""P0VZQ1I8"", ""5F4GCFIA"", ""DIPUT6QU"", ""ARGGUHJN"", ""VQJ5FBC6"", ""KOU1PS6O"", ""DOTP6MFT"", ""UCD66MNK"", ""HXQRUYBN"", ""2QLXJKVV"", ""6ZUQ10LJ"", ""KF7IS12X"", ""OKZXTQHP"", ""C5VQHZZV"", ""GUHCHQCS"", ""ZH1I9G5V"", ""HZK9WAAG"", ""FLWLE5PD"", ""UK8NH1D7"", ""GCGD3XG2"", ""F0VQIOW5"", ""K0BDLDF2"", ""COWD2P6S"", ""HDTTJPRI"", ""XZ2VL5IW"", ""WTPMY4F2"", ""XIRT2AEF"", ""LPXG5HQJ"", ""DWD8O3WF"", ""COE3ODK8"", ""GJN6PLN7"", ""Q6MUQLIK"", ""WUMJZRSG"", ""DNEEYHCM"", ""QEHGVAMN"", ""W0CCCKHV"", ""PDE0CPAM"", ""QPUN6GEL"", ""9R0DPX3F"", ""JR5TJLQZ"", ""LARUNOPA"", ""VQUWT0TT"", ""5ZONW4VL"", ""ESHO8VUF"", ""50NWELKI"", ""5XWKUCTI"", ""JSAGDK9D"", ""DW3PKQ67"", ""AQC7GGX8"", ""FUG0WKTS"", ""83FEIEZ5"", ""EJTC0PCG"", ""Y1L4X14W"", ""TBQC8MPI"", ""GKRON5ZB"", ""4D4WFNZ8"", ""DRFRRJHM"", ""9WOGBAPY"", ""SG3CRLVV"", ""QDIGJUEY"", ""8ZG7GHFM"", ""Y2HPI1PL"", ""UHUDT1HO"", ""PXBX2IPP"", ""VTG6RPJR"", ""JNCNW497"", ""8KLX8LQZ"", ""ODU7QEA6"", ""XLZ0GMLY"", ""4WBEXZSL"", ""KR08HBWK"", ""ZRNZE6FK"", ""MQQCEC6S"", ""ZGTQQNL1"", ""F3GYL7GS"", ""7YRNBTCD"", ""CTIB0JLS"", ""NQMTCGFA"", ""8SEULTIM"", ""RCSITYQ1"", ""NWG4JYVU"", ""TJBXF4LX"", ""YKT7LJ7R"", ""4HMQKLJZ"", ""TURLO2FH"", ""1OFCOTTE"", ""HVA4K2IQ"", ""NYO5CSXF"", ""0XTB2FA2"", ""THT8IZ3N"", ""8N6W6RUX"", ""QZKDHJVC"", ""ES1RLGKU"", ""DIO3Q7U3"", ""0DPEP9AP"", ""AHDUGGLJ"", ""GWDXNKWU"", ""ISU3B9HK"", ""ISB9ZS6Y"", ""YZMOJT4O"", ""XHAENXX0"", ""WEL2BPFQ"", ""ONC7ZIDB"", ""SJA99KAO"", ""LXTAG4FF"", ""0DSOFOIU"", ""MOOWUEMB"", ""TDQYCU36"", ""VOFGUBKE"", ""JBVAMSDQ"", ""ITMPZAKQ"", ""8I97NI0O"", ""6F5WHR0A"", ""WZOCEXKM"", ""JR3P7XTO"", ""NSKWUZ34"", ""A3CBXVX6"", ""GQELSKV0"", ""DMRZEZIS"", ""OSKQJOVN"", ""R8UCJ9DM"", ""JTIHHPWX"", ""L2DCKFGD"", ""1YGFWQVW"", ""OFAH1OAK"", ""LZCZNSHA"", ""DFNQ6BHO"", ""I2TEJZPQ"", ""AIVUX0UM"", ""OJQWCE3O"", ""WIZGTVBS"", ""EQWO9NKV"", ""VO3WRRAK"", ""YV0WNAFK"", ""FN3WJJAY"", ""2AQNJN2O"", ""KLQ0SRQT"", ""PL9FYA1Q"", ""3PFM1STT"", ""LKBNNS38"", ""SFSNTCEA"", ""O2HF9KSG"", ""CUBMUAA2"", ""EYMECHMF"", ""EWDSGYQL"", ""J95FU60F"", ""JYFZ1J6C"", ""ELSEPB1O"", ""OIKGDGCH"", ""TXNYL4BZ"", ""LH58S9R6"", ""JCWHPGCA"", ""XJNYJGV5"", ""LIJNO7WD"", ""K9HGS7PE"", ""YJSSNFWS"", ""JEP5JABS"", ""WMQU2MX9"", ""OPOZI344"", ""PX3BHQ1W"", ""MW80JTGK"", ""63DARC6R"", ""CGBCR82Q"", ""5DE6ISET"", ""UBIEUF79"", ""05BNIXFZ"", ""FOYEVAVR"", ""SMGJ0AMI"", ""SV9U6OJG"", ""9NHGFYZC"", ""D2BT8H7W"", ""5YTS5MM3"", ""OOFWLEIA"", ""ARDAJQI6"", ""VZFBRRTL"", ""Y4HHBYDN"", ""NWF0UFL3"", ""P2BIPRTJ"", ""GZQSJEYT"", ""ZCDWZ1GU"", ""7XDKUSMY"", ""JPUZV3HP"", ""FSCIAOR2"", ""URT1HSUJ"", ""VRXRDM4H"", ""P02A7ECP"", ""GLRZILGH"", ""I1PNML75"", ""3XAI4WXH"", ""K8X684PR"", ""FCY6WPY6"", ""S4B6ZYA9"", ""OKLJNPM0"", ""JRY1AYLZ"", ""KCWWCNX3"", ""1YSY1RDR"", ""KZACTK5R"", ""RNLF0OKL"", ""GXDA561R"", ""EFAZQLNE"", ""CMOLOLSY"", ""YSYHRHWW"", ""CT7BHO7Z"", ""2NQWYZBW"", ""6GVK8BDO"", ""I2IVW5L3"", ""YHU1X4CF"", ""YXWGO4BI"", ""GBAJNRJU"", ""FHLTT85K"", ""PY4IQGYW"", ""EP9ND11W"", ""TDAPZLGW"", ""QQIV43BW"", ""CXK6BWTO"", ""M4EUHN2H"", ""82K8EZ4U"", ""WCYA8MCM"", ""CTFO8IUX"", ""YJZMPVHT"", ""ITWULZFC"", ""LS7TMGNJ"", ""OCVWMFXW"", ""IB90J6YR"", ""IOVEKE9S"", ""DMDF4T9M"", ""06GEAQBP"", ""CCKSZSSH"", ""VFQ5YXE1"", ""OX17JGRA"", ""FVNO7GHZ"", ""TCY6IWAK"", ""4LEZII3Q"", ""6N5KAXSS"", ""YKWPXKVX"", ""4U5ND6HA"", ""2EJIDOTB"", ""AVUNZPLI"", ""7SFY7WYN"", ""BNG9XR53"", ""ZHJFLTEO"", ""13ZRA31S"", ""H545LNGQ"", ""1T8YPE7J"", ""2IICJJI6"", ""KNAM0G4C"", ""CHRFJ4BJ"", ""4MV7ENCU"", ""JBI3DINT"", ""ONP6SAJM"", ""JG3IJ22N"", ""LUGKR2AD"", ""VJZL2HG9"", ""5RPEESPT"", ""584ODH9Q"", ""P8WXN9CC"", ""4PTQLXDT"", ""Z4ZHDPNZ"", ""1CI6ABPW"", ""1SECGJTP"", ""ZQVBSR34"", ""DXP3L207"", ""QYKNKDCF"", ""CAPS0HYR"", ""K26HXJCR"", ""5F7ROXWM"", ""C7LQBX1J"", ""7Q0SPBTX"", ""YJEALPI4"", ""8G9YNGX3"", ""MMTHPGM7"", ""9ZAWP7QY"", ""8Q0A863K"", ""ZOOQAVXN"", ""FFL3QINW"", ""BJ5YVOIC"", ""AYGFNSJO"", ""SCQHBRAH"", ""SO9DX9EO"", ""NXOJ0KZT"", ""TITTND4A"", ""CRNHLTPM"", ""YJZBRCAT"", ""BZUKCBFQ"", ""VJ6GBDU1"", ""CR1GS68G"", ""WSTG3GE0"", ""A1WUGVJL"", ""WW18USZB"", ""HZQRVBPG"", ""JS3GHQPT"", ""MDQVJ3SG"", ""ZJQSNRTK"", ""GWQUM0TF"", ""VUJAZTNH"", ""RGEPMEZZ"", ""QATVUZ6F"", ""XXV8FBHM"", ""IOI3DP3J"", ""NSDUT3KX"", ""NRAVM7PY"", ""FWJUT7JK"", ""VB4H27KV"", ""QY038UWM"", ""LQCGBEPC"", ""QQZHKKST"", ""JZFSLRTV"", ""EGDA3UA9"", ""KIQKLPL6"", ""5ASTVDSR"", ""Q0GSB23F"", ""WFZDT5RW"", ""O7RZANUE"", ""PSCTDQ3P"", ""KDXTZXOZ"", ""NPPNOUWS"", ""KEHNM8MF"", ""PKAGFUWF"", ""TMVA9I8U"", ""ITI6KPZV"", ""Q74K6QA9"", ""CFLC2DYK"", ""99U7CZQE"", ""QOLVPUBI"", ""MUNQ4NJ8"", ""F3CX0NBI"", ""RZXNRFJH"", ""YEM7CVUI"", ""XLBEEYUJ"", ""GQMBNNQL"", ""KYD1CHO3"", ""ETJF1J1X"", ""L1DPMJBH"", ""W2N93DJM"", ""7BMEFCJL"", ""ZVICEEQZ"", ""Y57D3WDU"", ""PWW5RDMY"", ""TC9YUO4O"", ""W1BFYPLS"", ""LDYXOURZ"", ""MGFTHDVG"", ""LDDUU1CU"", ""SHIGXVD1"", ""F7AR6NC7"", ""C1GVY1XF"", ""ILNFRI4E"", ""FECYRILN"", ""NE48PNPA"", ""1FOQFCRK"", ""7KBH46HF"", ""ZLJOSWRR"", ""ESB5KU5M"", ""AHA7UEJG"", ""ZETOPSZ3"", ""JXIW4UTT"", ""BRSVJXOL"", ""5ATHQJOM"", ""SYAIODTJ"", ""DXPVCBS4"", ""JBZFEHRA"", ""GVKFBM4D"", ""PLM1Q4PC"", ""SZOZ2EMO"", ""AUKIAOBS"", ""RCRMZLJN"", ""PJMFEXQN"", ""QU5NGB1V"", ""MABLCYL8"", ""IGM9QA29"", ""N3QELGYM"", ""MBZXJKMB"", ""N5RH7K5H"", ""H2SQPRB1"", ""TVPFFXKH"", ""PB4ACWKI"", ""TSPW0PEM"", ""SVA8OX1O"", ""RSCO43P8"", ""3AF8SEBH"", ""TRKBKSX8"", ""2Q9GRPMC"", ""ZVQWNIFA"", ""5KGTUY4W"", ""RCDRK7MD"", ""TLAAJV2N"", ""82YYLR53"", ""UYGYYCZ8"", ""KJKMU56P"", ""UGMNUMHD"", ""GNMANZO7"", ""EDKFHW2D"", ""UZAXENL0"", ""JLGLPUHJ"", ""QBOFNVCW"", ""RE7JZBHM"", ""IZV3PTCA"", ""G0SKQVZA"", ""EXSBLTR8"", ""UOG5NJYV"", ""LV0AFCDH"", ""J1BBYS6F"", ""MGNSNPTO"", ""TDMIBIPW"", ""LWSLGMK5"", ""TXAYLH4H"", ""RRIWX7VU"", ""4C16S0O1"", ""1NI7X3SQ"", ""RAQGS23W"", ""YND8GTBK"", ""PWAGUTPZ"", ""AHZTK2YC"", ""9WOZ9MQY"", ""HKCYXBP2"", ""X03JJ8DH"", ""57KLL6TX"", ""FA1SGYSX"", ""KVAMU0GU"", ""65N1IQI4"", ""NINDX1A1"", ""JUQXICGP"", ""5I8LP5OX"", ""IMFHYJTY"", ""NC7GOYDB"", ""W6QXFH6R"", ""EHCQZZDY"", ""MMBNYFD8"", ""UPCLX1AS"", ""FY8HBUMA"", ""HUNIZHDF"", ""U0YM4DMC"", ""AIXMJAOA"", ""FM826FAL"", ""901U05YG"", ""Z87HXPCV"", ""POX0PULJ"", ""HSBEYZI5"", ""4YNZWAUH"", ""LEOFCCNT"", ""5CZSLGSO"", ""0VYYZTMB"", ""NAWPX3TN"", ""JLZYA2KG"", ""VQKQRAFV"", ""JAVCCUV3"", ""OHF8VJYK"", ""RQZFZUST"", ""EJYWKBFV"", ""ET1EJRGJ"", ""GVBTZFCB"", ""FTEDS8R1"", ""AFQCZFYI"", ""GTF7U4ZY"", ""ACNSSFPN"", ""N8HWSV5S"", ""79PWOIN6"", ""6JZMCGF7"", ""8KLIARJR"", ""7STCHKFO"", ""YIKS1BMY"", ""3FHRRT4L"", ""GCOJO1DG"", ""OAVNZHET"", ""8VBLG2WI"", ""FQ1BCBQK"", ""PIO9TWYV"", ""1MOHJ61R"", ""XWJ3UL7W"", ""PYVMFKTY"", ""W5FVOQCB"", ""FS7L3C2J"", ""NE9ZL38E"", ""6HYFBGBV"", ""IVAX4MU2"", ""D2RJN3RT"", ""3R8F5K7E"", ""T26CCVWB"", ""5HOGBJSD"", ""PRFICAEX"", ""5I99U89Z"", ""UVZO4FMS"", ""SPX1HJEU"", ""ZV3FL14D"", ""XF7XDGE9"", ""X5F5LMF4"", ""I7BLVKKF"", ""BAMBU0FJ"", ""S85GPZKX"", ""4S63OOMK"", ""A4WW8KMI"", ""CBAXI2YS"", ""FHPW5G0R"", ""NMPWDYVV"", ""O5ADSKUM"", ""ODF9UBKB"", ""EQ7M08RG"", ""BOMGZIQP"", ""CUREU83A"", ""9VPMF2RF"", ""MILOCB9A"", ""2QMMLA67"", ""VSXHCWDT"", ""NCBAI0IU"", ""2S37N4LZ"", ""GYGWACFS"", ""HNZLGDKU"", ""R0BILX0J"", ""JTS1C6WF"", ""BW1COZCO"", ""Y766GUYA"", ""1MKT13XQ"", ""103B3HMV"", ""C5UI6XWW"", ""KWKFIDNQ"", ""IYE877KZ"", ""0EFYTXRO"", ""P3DCVG1K"", ""7KATWEC4"", ""GVHZNVA4"", ""FAVKZPUR"", ""X3UVIZCI"", ""B69VDJMY"", ""CMAQC9MJ"", ""EU20FR7W"", ""T8JYMUYY"", ""F04TIKJJ"", ""XBQTJEMW"", ""E80U8GKN"", ""J1MXMYVF"", ""W9UWYQWV"", ""H4MCCQBN"", ""7IQWAON3"", ""GQYL88TI"", ""JLUZAR5M"", ""JYSK8ZRY"", ""OOWF8GEX"", ""HUGE5C77"", ""LQAERPYJ"", ""HGKCNHOV"", ""64N0F5P3"", ""XHZVPRPQ"", ""NDUGO3QN"", ""FUZSQHOS"", ""0HNTZMBR"", ""BIAXAKDL"", ""0PLNPYVJ"", ""SKK7MEDR"", ""H18TTYRT"", ""WNMINTBF"", ""D6LVHTW4"", ""MWKARKSX"", ""55MVLRS1"", ""8PMHPGWF"", ""XUAHXVC6"", ""YPN0RKDP"", ""3ETDBEIH"", ""EHOCJ25D"", ""CSPLKYFL"", ""SHY7IPRX"", ""FGCAHVOJ"", ""EAJQNAA5"", ""EN3QGOEH"", ""ZUNYQMFL"", ""PBPL7Y27"", ""KERKDD6M"", ""KANZJSOL"", ""UIMAUULN"", ""3SETOSZM"", ""PDJHICJX"", ""RYGXRG7B"", ""8CCUJCHL"", ""J4ZWHCSU"", ""MAYYRZDR"", ""ISVZFVWP"", ""02VVRE1T"", ""2F9SXWMJ"", ""53Q214PF"", ""DF106A8V"", ""JNIBBQHT"", ""JAEGDE4H"", ""XBQIWRLN"", ""O6IO6ISP"", ""PUNGMKZ8"", ""4I4JLCCT"", ""S2FBOJI7"", ""O7W8CYSQ"", ""THWLP4JG"", ""XP2VSOIA"", ""XGVU6LUP"", ""7D3SZ3TE"", ""KKRNIU2A"", ""I0HLYCCE"", ""PHWZHSKQ"", ""WRJLXLRZ"", ""8ODBWOFR"", ""2ZHNJHZC"", ""NSXWHBAQ"", ""AKINRK4Y"", ""DCBZL9HN"", ""P9Q1CC8G"", ""EGCI6ZL2"", ""SDJIKKKH"", ""HS6J3MVX"", ""XVT7SE9W"", ""JAYBM1YP"", ""ZK51EEM5"", ""KFNFCDTR"", ""FOORSIMK"", ""6IF7KXVI"", ""CFASFWVE"", ""SYIIDFDU"", ""J8NMBDBR"", ""ZDP5WDYW"", ""WKR8IZNE"", ""A32OTHTH"", ""99K1VISH"", ""RAWCUVL6"", ""XJCOLEWC"", ""OSSTYDZ6"", ""T7BUD0EI"", ""F5PUSWFC"", ""HKAJHK7P"", ""PANWTOSN"", ""N6X9FHHD"", ""JAVEXIB5"", ""MAC0AQWE"", ""4RXQQCXW"", ""BBNCZTBO"", ""XJWNACOZ"", ""NPMKUGOL"", ""KNQCZEKL"", ""1VMDHEJV"", ""QRGWHWTD"", ""HBA3OSSO"", ""6Z5VPHH5"", ""XR5PFGIM"", ""GFQNABRR"", ""CIWWOABB"", ""TZ3LV1KQ"", ""NKLWJXJ1"", ""BHX91WRD"", ""BK8EUQGP"", ""RZBBKW2X"", ""QKUV4XLS"", ""PBU5CY8D"", ""PQWIFQ8F"", ""LHAZQUXG"", ""Z1V3P5OR"", ""HFHPMWZV"", ""6KCF7MR2"", ""J9PNT1AS"", ""0OFB3JO7"", ""JEFYOG9Z"", ""ATFNPPM0"", ""1XN0BFI9"", ""9DIVPLXD"", ""BTRYUAKE"", ""WU5NU0YE"", ""1HWH7CIG"", ""VYFLLDOU"", ""MOHHVUSG"", ""DPEC1PXN"", ""LLQVZ7V1"", ""AOUFYO3F"", ""JQQCJ5DH"", ""YVJD3ZJJ"", ""CQL9ABHK"", ""CIG1VK8T"", ""ZTJCZN0I"", ""KHE8ZNH6"", ""5SCIPKLU"", ""VBLCWKO3"", ""4NKBYJ4V"", ""AALQXML5"", ""JTWMDNDY"", ""LKQJ66HI"", ""KAYBGFS4"", ""IWGTG9AJ"", ""VWJ0ZVNZ"", ""PIZUF0J9"", ""BAZWPCA8"", ""3IEUBCGU"", ""MSHRHDP2"", ""3EO0QDMD"", ""P365J4WA"", ""6OXDN3EU"", ""YSO4UEVK"", ""RC5FSMDA"", ""FMHPAEQY"", ""DWQFNYZT"", ""VFRBRF9A"", ""TGWV6U1K"", ""QNOSXUWQ"", ""5C7BQVJD"", ""XQN2PPR9"", ""DFYFR2KD"", ""Y7ZBN6WO"", ""YDAZLSMO"", ""3UUR3XK4"", ""NFVB2RN4"", ""O2M7GAIP"", ""L6UYM6QN"", ""8ZBORKTR"", ""0APS23FZ"", ""BLORYVMV"", ""PFNCN1GN"", ""D4MZB3YP"", ""HZY9LH2O"", ""XXR6KSDX"", ""DKV5XRJK"", ""KXHKRLNW"", ""A3ME5QWI"", ""YMRTNTPB"", ""MYR0IVVR"", ""70CNKPXY"", ""G9WVKN72"", ""KZSAEVM1"", ""8F3W0EHR"", ""OTZKMKRJ"", ""G6VB6JYJ"", ""NSUV8P6G"", ""S57KTVRW"", ""96KGC7YC"", ""JHFRT9HJ"", ""QYZBW3JH"", ""ADYILEWF"", ""1WW2JKBZ"", ""HQOMFP4Y"", ""3J8GGPZK"", ""XFVTU2KI"", ""9GYATUHL"", ""QK3H4NNU"", ""7B58NQY1"", ""6YN8MTTL"", ""YEZQDTJZ"", ""GUFMOVRV"", ""VQJQ2SGR"", ""HOMMEWSM"", ""RYNZUEZ7"", ""WZVCC12G"", ""FU2JHBFS"", ""DOASPMQ4"", ""05EGQIFT"", ""731HOW9K"", ""U1FOTC9D"", ""1X16694Z"", ""RJZTTHDX"", ""OALXMC5I"", ""DHH98QZK"", ""GOHKY7O8"", ""R8CMDGY4"", ""L7DL8F1B"", ""N7CYAOFK"", ""UDVEOE19"", ""ZHREQVBN"", ""PG7SDUZZ"", ""JNAVT5OP"", ""IXJS7KD0"", ""R7VN7IXR"", ""QX6JA9BO"", ""65A9SBS1"", ""GZX9WUPU"", ""FEQL4MXL"", ""FXRTQAV7"", ""YRXC8WTO"", ""PJOCRWD7"", ""R7NEMJE4"", ""L14YWMKC"", ""N3GIYBGU"", ""8MIXBL73"", ""T9CDZXIA"", ""NMSLOLPY"", ""WDFKXI8Y"", ""DWOAK0NU"", ""BTGXNOWM"", ""RJPRI7NA"", ""LHY10BBH"", ""EM7JVCLA"", ""DMM7XHTZ"", ""ACPP3M3E"", ""TIKJ8K6Z"", ""ZFOLOW1S"", ""0YTTFABX"", ""DQ2QCH9W"", ""SB2G6PD8"", ""ASZRQFMB"", ""JK7SNXM9"", ""36WJ8WA0"", ""ABT9RIKU"", ""NHEBIG9X"", ""1LTKXWWA"", ""PLOUB90S"", ""MM4ZOCF1"", ""2PQT9CLJ"", ""P0QGIYJ0"", ""IS4LA0FW"", ""NFPVROZ8"", ""YQFOBHA6"", ""LYD4BG4D"", ""D3ZFQOTV"", ""BLDZLLDN"", ""BWKNSYZX"", ""WBW3JOVH"", ""WGGGPQPE"", ""RRYFXJ4B"", ""57LGRDH6"", ""OD3ARGXI"", ""0QEZZCIL"", ""RYZJD4OQ"", ""XUJQHAFP"", ""M7L5M4FQ"", ""HR6AJRFQ"", ""IGVOVFSL"", ""3TYI3T58"", ""SZCHVGRE"", ""O4T9YG3M"", ""UNEF1JQO"", ""UOPFXMEY"", ""FQAO8RH3"", ""XJYM93VJ"", ""ELDZ4AQE"", ""AMC1XQKB"", ""TD9NKIZG"", ""JC9LRZO4"", ""AUHJUJKE"", ""43QIWTWC"", ""WMNHGM5K"", ""ZS0PKMWE"", ""ROZ2PU3Q"", ""DBLDSZBL"", ""RZ9S8H4N"", ""ZGAIO7G0"", ""ERYSADNO"", ""RIK5NKGB"", ""HNNCU1GI"", ""KAZSEIBG"", ""58BX1GTL"", ""YDYJG2RQ"", ""GQBNOJFC"", ""6R4WEBDD"", ""WCVGAFI5"", ""UPDVPICP"", ""CWW19KRQ"", ""TWJ2DEKH"", ""EI4AVD08"", ""SRBV1TRO"", ""B8TLJCQK"", ""FAYBQEIF"", ""MCY5I404"", ""45LRSAHH"", ""FZ2ZOMFJ"", ""B0WRPKPX"", ""JLQYL74V"", ""LXSJIEC3"", ""WOECKYUQ"", ""WWUBTG7W"", ""IXMRFUXO"", ""FP1UCDAC"", ""LOADK4J1"", ""D7TVQQUA"", ""PF3GWR4V"", ""KVMGTHWN"", ""TWHTXQEY"", ""GPMNYTI1"", ""EXQZVT1L"", ""6UEVSFLH"", ""K5D5TE5I"", ""MDVSHSVT"", ""LKPQA37J"", ""3DOVA3WF"", ""FI35GUAW"", ""SGH9WIN0"", ""7IPR5VZX"", ""6NHKEVKR"", ""TST3ADLD"", ""6SRJSGOB"", ""ISSAJNGR"", ""JL2DW87D"", ""S4DG5QZS"", ""HS2CBQCW"", ""VR2AX9E6"", ""VG8KN6L4"", ""MRATUMWE"", ""EGMF6OO8"", ""VQUZOKV4"", ""TT1JL5TZ"", ""2ZZOPFPG"", ""H3PLV8EE"", ""J9QIYYNU"", ""7LAUKFVE"", ""C8WVMUUK"", ""XILVBWLR"", ""IIOA5DZY"", ""6XBDCITP"", ""HPME3THD"", ""YZXPVOPM"", ""BPEHLAOJ"", ""IXCBXRBD"", ""GLM6A2QH"", ""BKHGXUHS"", ""HIP23GVR"", ""FO3SSSIQ"", ""I53LJVF6"", ""NFP8K2ZV"", ""80RRR9AZ"", ""BLPDALTL"", ""0YI4O2RX"", ""LFF5BQSO"", ""WGDEETFL"", ""6X6XL4DJ"", ""GJHVKYXM"", ""ZSERRD84"", ""7OICPZRO"", ""5HYBGOM2"", ""IKZAXL0K"", ""4WLSDH7C"", ""NGEYTBBO"", ""L5SDXMUN"", ""GNTHPX9R"", ""FVFQJMIL"", ""CGI4WYNW"", ""LECOSCLK"", ""DPMYCFLO"", ""BVE7RRDS"", ""RBVFOZUS"", ""QXDDMQTQ"", ""GPTZOQ4S"", ""G21M5XTV"", ""EUYNSHP5"", ""BG9EQZ5H"", ""SBLWOBHE"", ""ACCGCHQB"", ""VM8XQVAS"", ""59XJCYNL"", ""SJOSYKNH"", ""TCWQWPUI"", ""7JAZ1TYS"", ""ZNNGQSIH"", ""NN5XX6OQ"", ""TYNHIUPV"", ""UUHXAFD0"", ""NNJXWZRM"", ""GURFVLFR"", ""IE0HPYHU"", ""O9TGSM5V"", ""CZU0QNY7"", ""9ZBOETFV"", ""WTDZLCBV"", ""MUJOKCMU"", ""PYIFGJFH"", ""CZPPUKT3"", ""ZLLYXRMP"", ""GUONOUH1"", ""S5G08TE5"", ""ZGRL32JZ"", ""R05ZHOGD"", ""G67DKOWN"", ""AZXFVZX4"", ""0ZPR8YFY"", ""OXZKCNNA"", ""ASRQF4YH"", ""ZTDNKJHK"", ""VGSIHXTO"", ""LRKBWEWC"", ""IYPNSCRM"", ""T2YOGHFE"", ""PJAKHSE2"", ""GKVPY4AV"", ""NXBHN6XT"", ""LZDO5KEF"", ""P9S8RSFG"", ""LEY1QBNI"", ""9F4INUDM"", ""RCUVWVLW"", ""OY7D5FHA"", ""VPAG3PKD"", ""KEZYXFR5"", ""90ANVRI8"", ""HJXVFHDO"", ""SOFLCNKK"", ""VDVPFUM6"", ""0EUWXW3G"", ""W1FCAX03"", ""GBVDWNTP"", ""E2GFJU3B"", ""PZNGMD1G"", ""LTOWHICW"", ""QEG7ILWH"", ""IKE7GA6Z"", ""IZM7MCO8"", ""2VGFEMBY"", ""ASRCUUPT"", ""NESY5DKT"", ""RKB0LUNU"", ""MOSN3N02"", ""LSXBBGS0"", ""E8ZUQ2JP"", ""IXVTYEXJ"", ""QP7NQIBL"", ""AAKHYFMP"", ""8TMG7GSB"", ""UZXOJLUM"", ""6S3DOJX3"", ""MEIZLE8I"", ""VAXT73J0"", ""9KBYXYBL"", ""FPFODMPP"", ""6WU0JYBB"", ""ATMFAQDN"", ""URKNVSSB"", ""IBOC6QKH"", ""ITAWIXUL"", ""YUZNIKR5"", ""QOYC7OQB"", ""PHKSHEPO"", ""QOHCQE59"", ""RQZZXDCM"", ""ADLDT7BJ"", ""RNUZJZFB"", ""5LPOOHOR"", ""PIKRZHRW"", ""POACOMPC"", ""G2LQ8WNA"", ""Y3SJYKYB"", ""7C5HMX2T"", ""3KEKCEHY"", ""8KOCE4MF"", ""J1EC7VC6"", ""OJSNL7YI"", ""D1ETJDQY"", ""9BBLB9B3"", ""JOO8G3LD"", ""NFT9IWNL"", ""DZ1JSZK0"", ""0DKCWZQQ"", ""VNSZYAKN"", ""5IWE0EZJ"", ""7QAHLWXV"", ""WHLJDHC8"", ""AO5DFJQP"", ""P0LJ0F1V"", ""CORSV62Z"", ""1LWOQTSF"", ""ECSFMOYX"", ""KQJ63GB2"", ""RGLYVBVK"", ""YZHJAGYA"", ""MCAEAFAC"", ""ZSY0DY24"", ""QEBFM779"", ""G65AJ6VI"", ""7E84A3RQ"", ""ZXFG0JXP"", ""RXW7AX1F"", ""UR2HI65V"", ""XN0BFXD1"", ""B3WTSQFG"", ""SZOP161W"", ""FXE7IMPL"", ""SQWOVGL9"", ""FEILLHE5"", ""RE2HKVRQ"", ""CWGMXTYP"", ""MAVXQEXR"", ""IITPLKXQ"", ""5TSH2LEZ"", ""BTNYOCLL"", ""K31PINCZ"", ""VDVZE0BM"", ""2DCPEKDB"", ""GWYTVHRC"", ""YRRUD2ZC"", ""DS1P6KR8"", ""XIZFGZMR"", ""EIXFT8R1"", ""HMUCHDIL"", ""MZMTAHII"", ""NFUJRUOP"", ""ISUYYZZA"", ""JIFNOT4C"", ""CXMYGEYW"", ""EJ2IARPS"", ""F1N46BTA"", ""EQSY8Q06"", ""ZFUSZG7Y"", ""MB6O8CEY"", ""2NR2KQ84"", ""SQR0RASE"", ""PPLW12W5"", ""GKBUAEFA"", ""EEO38PDE"", ""EFWL5EST"", ""7LXBVUV0"", ""7TQUAEPR"", ""3BE7GRI4"", ""120K1NZP"", ""TPQSA0AK"", ""B1CFILHL"", ""XCWKFOUC"", ""RQY5KBBV"", ""COIDZYCV"", ""CGIR3SSH"", ""UN9UZVGF"", ""57SMEAHS"", ""A0UG80DY"", ""A4J9RSZL"", ""RRWL5P85"", ""6QQRWOXN"", ""GTVBLDFA"", ""MDLUXO1V"", ""3NSV1YRB"", ""A3K77OIB"", ""UHETWL7Q"", ""TU0MWNMQ"", ""5SNSDQGA"", ""DUSWQTCW"", ""UJEJECOY"", ""UBEBZHOC"", ""6MXKQK3J"", ""WMQIHXFX"", ""JIX8H5OT"", ""12ANXCLR"", ""VLFIHJBG"", ""WLSITSNY"", ""6KI7FAAM"", ""L6DJJEGV"", ""CE1ENEO9"", ""OM8H6MRX"", ""QCH9WR1P"", ""YZ8NSMSK"", ""IWLLVYET"", ""DD2VH0CK"", ""MDVKCOK0"", ""G1DRAVMG"", ""GNXENKYR"", ""YTRQ33ID"", ""R0U5UPIU"", ""C6V9LYOW"", ""XEMQ3SWE"", ""HJAPAAZI"", ""AV8390NJ"", ""GD5QPF8O"", ""GXJPWZGL"", ""RQFMSFGC"", ""FJ36KNQJ"", ""RNH5QEVB"", ""8HLRY1BJ"", ""F4JQMYOD"", ""33ETDW0Q"", ""JR78Z5IC"", ""FWWLJSHD"", ""0KPHOK68"", ""DTFPPAJR"", ""PXPRUTPN"", ""ELLY5SJM"", ""USI2DRRZ"", ""M8OLUD1T"", ""ABQL4NB2"", ""6JA5Z13Y"", ""KAB9QZ0S"", ""X8DPHPJO"", ""5XNGEUOK"", ""Q9HXGUF1"", ""FW4ILLYD"", ""KR16PBOH"", ""YLAZPE1O"", ""ZWNXR0VR"", ""J9LZ65KU"", ""CJDQVIG4"", ""0PRRWFMF"", ""V562LGBO"", ""BSAO2ZS6"", ""ZDWZ3AJD"", ""G6CH3SYL"", ""CTE0BGYE"", ""174SOMWG"", ""JBYGWHCS"", ""GLB4BVRE"", ""ZFDDNWFD"", ""D4WQMMZX"", ""LLZZQYSU"", ""ZSIFZ70J"", ""JHN8PEEQ"", ""QFYVURW8"", ""C93FMB2Y"", ""GUJ6ADE1"", ""ATG5EPJK"", ""YGZPMLIJ"", ""KMYOILZX"", ""Z2LU4SHH"", ""RVBY9TFS"", ""FOX4RIC8"", ""6DAHHBDY"", ""BIDXCCWE"", ""4KSH7NYL"", ""KT2IKEEQ"", ""NWVM1PSP"", ""X01WIGRV"", ""KLSNFDLU"", ""JIKCPN43"", ""NQKGIRFU"", ""A49VK851"", ""TYVZTCRX"", ""QXCIFG5Y"", ""4WHOSI1Y"", ""HWU0LOCO"", ""BXF3SPTY"", ""YH4SLVTM"", ""PZG2FY62"", ""WL73QKMG"", ""AN3KZA42"", ""ANYOIW4Z"", ""8OEMXIVE"", ""MZQJA6HK"", ""URQRW3JK"", ""MUPNLHIG"", ""MITTAQTL"", ""MASNXZRH"", ""T7VHNZYS"", ""ZUWGGXAR"", ""3YYW91G8"", ""4U0SK6IG"", ""BSUXXXDA"", ""3CBIBISO"", ""BXFAU7JM"", ""QPA0UFSM"", ""C9XNWEWI"", ""U6WFZIOF"", ""XFRXCXSB"", ""RGN5UJNN"", ""UXJCBL6H"", ""FSRPSDZ3"", ""NF3U38PG"", ""0MSDCZJS"", ""MN00FD34"", ""TZHAOMYC"", ""DYQRD9HD"", ""9TKLL4GF"", ""PCHYAZLK"", ""ZDUF0IPC"", ""T5JITCXY"", ""NGDKZC2L"", ""OXZIWMOY"", ""BHBMB6ZU"", ""5CBMN3BH"", ""RWALXAVP"", ""CAKNZODA"", ""UXSAQ101"", ""TEYU3Y9J"", ""WXFWUOPI"", ""7KANQGSG"", ""JD6QJYC2"", ""DVY8HWJ5"", ""MDUN9KJT"", ""OJ1DE2VC"", ""CG9JAD44"", ""TP3U3OWD"", ""MFZUM1XZ"", ""RKUS9WVF"", ""CO3JPLY7"", ""LO2PB9U4"", ""5ZVHPDY0"", ""EYE8VGGK"", ""8Y6GCSZY"", ""MLW9JWYS"", ""F9DN2RVF"", ""U0MHHT8V"", ""KMAJZO7N"", ""LBVL39XQ"", ""8DODIDC4"", ""9VKWGDE2"", ""WWJKICAZ"", ""NGZE9KPF"", ""GDHK4R5V"", ""DVK1GKZI"", ""OOQYORIX"", ""ZC52K4EQ"", ""UMWG40SJ"", ""FZNOOXFV"", ""TBPJEUCV"", ""PQLPPYRE"", ""6BSEZEFP"", ""0L3CTI5S"", ""V49W5PP9"", ""AOSWSUVA"", ""EDTOYND4"", ""DZGFWFZD"", ""5CB8BRIP"", ""BY3TVXDY"", ""HG6QFUWM"", ""NUER9KKF"", ""GGBNTQKE"", ""7SIR2TKE"", ""INPUNOAH"", ""APSDVRMJ"", ""ZY8RLXQD"", ""SRNDUDQL"", ""D2E0PWPW"", ""OFLPE3NF"", ""8FDSWAUL"", ""UXBMQPKM"", ""IMMJFKTH"", ""O4ZMJ6Y7"", ""SZNGJVR1"", ""6KGEOZ0R"", ""MJAKREGX"", ""2BXFMXFQ"", ""FFWNM53C"", ""NZBIFH1I"", ""DKQT1AUX"", ""EBDLRBR3"", ""NXSYZRQC"", ""GFI32BG3"", ""DT3COMYG"", ""0YIX4WJK"", ""JNR1DRPP"", ""VMD8VD4E"", ""XG0SPJNE"", ""SP4NFUEJ"", ""TNWDJFLS"", ""Q0NIUJS2"", ""LRUF7HP2"", ""KO3DI04N"", ""VEGDRFOG"", ""JT4VJTTN"", ""LEPNNOG1"", ""X083W7V4"", ""IKOKLPF9"", ""WS1U4ZMO"", ""64BKHKON"", ""8RN4WIJQ"", ""LHSENWFH"", ""ME6FGSBX"", ""1IVQX33W"", ""TGPH3IJH"", ""YZGHOI7C"", ""IKRD85MU"", ""AW59DDFH"", ""ZT9SZKM2"", ""K97BP3GT"", ""U5OXPVMB"", ""HRFGXY5M"", ""E5EWAGDW"", ""CXJDA0MK"", ""NGHD5I7Z"", ""1MXNCEBX"", ""OUXUX9IJ"", ""W2PES6XW"", ""MVTKFMUJ"", ""TRXA1EIW"", ""GGGQFHKS"", ""AANDQVPB"", ""Z77LK09L"", ""UHFDFMNT"", ""EWWEIOGD"", ""LUFTCVQD"", ""8JGJXEWH"", ""RQGPDCTJ"", ""DY5BA6N4"", ""ELKBOUKD"", ""HC0FJVZ6"", ""O3Q9WEL7"", ""JEZ7MCFP"", ""XUGSQLGQ"", ""K7GPHCJ0"", ""KKXCYVZH"", ""V6LJACFM"", ""ROQKEOJ0"", ""ULENXLJY"", ""YACODSFJ"", ""5WROTSIS"", ""AEHQBREM"", ""NUH8YQKF"", ""PXRVGHHO"", ""JWEPXRDR"", ""SKJIZRR5"", ""TT2RAXQW"", ""BR9SN6DK"", ""OKCKGA6T"", ""DOGOLLS3"", ""FIMPLR4K"", ""D0RF0OXO"", ""36GCQ8RD"", ""T1FWIABH"", ""WY0SLMRN"", ""AKT2VZLO"", ""RPRO1EBR"", ""JFWDQM5Z"", ""7WKSFVM3"", ""RQFIAE5F"", ""W66OK8ZJ"", ""IGIOYWVD"", ""H4DZIO6O"", ""XDUE8YPL"", ""VDKJF8JJ"", ""XF8FBZLD"", ""UXTDLD2R"", ""1RZ3KWSR"", ""J8OTTS34"", ""PYHFB5MV"", ""0MET5B9O"", ""AR6UKMYT"", ""XFMWST7P"", ""WSB4MW4V"", ""3LVVOUBZ"", ""VD8DCLI4"", ""Z68IVNMO"", ""PSHKLKTW"", ""ITBDXKQX"", ""1MW1U0LL"", ""Z70T4IOI"", ""ZW9GYIGG"", ""VA0YJNQX"", ""SWTUVTGM"", ""8F4REPPT"", ""W2NOKTTX"", ""F1RKJBYP"", ""A31ICAGF""]"
442941,Test API1,TEST1,1000,test1,,,2015-03-09 23:22:18 UTC,,,0,[]
442941,testcase2,TESTCASE2,100,test case 2 fixed,,,2015-03-13 00:00:00 UTC,2015-03-16 03:59:59 UTC,,0,[]
442941,TESTINGF,TESTINGF,,TESTINGF,100,20,2014-03-11 22:38:21 UTC,,,0,[]
442941,This is a test,TEST268C04,700,This is a test,,1,2015-03-01 00:00:00 UTC,2015-03-31 03:59:59 UTC,,0,"[""TESTB9577C"", ""TESTEB86E9"", ""TESTD6F8E9"", ""TEST17D106"", ""TESTC3EC31"", ""TESTDC5228"", ""TESTC28D5F"", ""TEST46D6CF"", ""TEST5114C9"", ""TESTA99CBF"", ""TEST669E82"", ""TEST350209"", ""TESTB81118"", ""TEST1C5989"", ""TEST0F3300"", ""TESTF5FFF2"", ""TESTF63F2E"", ""TEST4C2647"", ""TESTAC3F53"", ""TEST2DC8D3"", ""TESTC8FCEB"", ""TEST414E8F"", ""TEST4AFC01"", ""TEST4B4FE2"", ""TEST061699"", ""TESTDD682F"", ""TESTA5603D"", ""TEST602FF5"", ""TEST63F663"", ""TEST639FF1"", ""TEST0B102F"", ""TEST5FDFE0"", ""TEST600D72"", ""TEST7CFBF1"", ""TEST271E07"", ""TESTBD27C8"", ""TESTCD6098"", ""TESTE870CD"", ""TEST03C801"", ""TEST99EC24"", ""TEST2E2448"", ""TESTF3DA30"", ""TESTD813CD"", ""TESTAFDF0B"", ""TEST57BC47"", ""TEST51A9D8"", ""TESTDF1590"", ""TESTFEBCA1"", ""TEST25D208"", ""TESTD4F595"", ""TESTD3DCE0"", ""TESTE184D9"", ""TEST6D71D2"", ""TESTF7F888"", ""TESTA869A5"", ""TEST72D0ED"", ""TEST5862C8"", ""TESTF0519F"", ""TEST59874F"", ""TEST05BDCD"", ""TEST60D604"", ""TEST041487"", ""TESTA6D388"", ""TESTCF4B2A"", ""TEST5B00DC"", ""TEST27B69D"", ""TEST986A3E"", ""TESTB9E9AA"", ""TESTA64C43"", ""TEST5B0734"", ""TESTF5A935"", ""TESTEDDBE3"", ""TEST428D90"", ""TEST7CDBC2"", ""TEST8AEBBE"", ""TESTF9F1C5"", ""TESTC1D027"", ""TEST5EEBD2"", ""TESTD1D6B1"", ""TESTB03A81"", ""TEST18D0B7"", ""TESTC4AA02"", ""TESTA3610B"", ""TESTE9E2BA"", ""TEST1A2034"", ""TEST1E337F"", ""TESTAE9D96"", ""TEST9197E4"", ""TEST09BE47"", ""TEST5E3A5B"", ""TEST33A164"", ""TESTDEF466"", ""TEST2C2A0B"", ""TEST195499"", ""TESTBAD855"", ""TEST160C4F"", ""TEST6FEA5C"", ""TEST0681F9"", ""TESTC02281""]"
442941,upgradetest,123UPGRADE123,,Ugrade promo test,10,,2015-03-14 00:00:00 UTC,2015-04-25 03:59:59 UTC,,0,[]
